#
# There is insufficient memory for the Java Runtime Environment to continue.
# Native memory allocation (mmap) failed to map 2310144 bytes. Error detail: G1 virtual space
# Possible reasons:
#   The system is out of physical RAM or swap space
#   This process is running with CompressedOops enabled, and the Java Heap may be blocking the growth of the native heap
# Possible solutions:
#   Reduce memory load on the system
#   Increase physical memory or swap space
#   Check if swap backing store is full
#   Decrease Java heap size (-Xmx/-Xms)
#   Decrease number of Java threads
#   Decrease Java thread stack sizes (-Xss)
#   Set larger code cache with -XX:ReservedCodeCacheSize=
#   JVM is running with Unscaled Compressed Oops mode in which the Java heap is
#     placed in the first 4GB address space. The Java Heap base address is the
#     maximum limit for the native heap growth. Please use -XX:HeapBaseMinAddress
#     to set the Java Heap base and to place the Java Heap above 4GB virtual address.
# This output file may be truncated or incomplete.
#
#  Out of Memory Error (os_windows.cpp:3630), pid=10736, tid=14024
#
# JRE version: OpenJDK Runtime Environment Temurin-17.0.20.1+1 (17.0.20.1+1) (build 17.0.20.1+1)
# Java VM: OpenJDK 64-Bit Server VM Temurin-17.0.20.1+1 (17.0.20.1+1, mixed mode, sharing, tiered, compressed oops, compressed class ptrs, g1 gc, windows-amd64)
# No core dump will be written. Minidumps are not enabled by default on client versions of Windows
#

---------------  S U M M A R Y ------------

Command Line: --add-opens=java.base/java.lang=ALL-UNNAMED --add-opens=java.base/java.lang.invoke=ALL-UNNAMED --add-opens=java.base/java.util=ALL-UNNAMED --add-opens=java.prefs/java.util.prefs=ALL-UNNAMED --add-exports=jdk.compiler/com.sun.tools.javac.api=ALL-UNNAMED --add-exports=jdk.compiler/com.sun.tools.javac.util=ALL-UNNAMED --add-opens=java.base/java.util=ALL-UNNAMED --add-opens=java.prefs/java.util.prefs=ALL-UNNAMED --add-opens=java.base/java.nio.charset=ALL-UNNAMED --add-opens=java.base/java.net=ALL-UNNAMED --add-opens=java.base/java.util.concurrent=ALL-UNNAMED --add-opens=java.base/java.util.concurrent.atomic=ALL-UNNAMED --add-opens=java.xml/javax.xml.namespace=ALL-UNNAMED --add-opens=java.base/java.time=ALL-UNNAMED -Xmx1024m -Dfile.encoding=UTF-8 -Duser.country=CO -Duser.language=es -Duser.variant -javaagent:C:\Users\herre\.gradle\wrapper\dists\gradle-9.1.0-bin\9agqghryom9wkf8r80qlhnts3\gradle-9.1.0\lib\agents\gradle-instrumentation-agent-9.1.0.jar org.gradle.launcher.daemon.bootstrap.GradleDaemon 9.1.0

Host: AMD Athlon Gold 3150U with Radeon Graphics     , 4 cores, 3G,  Windows 11 , 64 bit Build 26100 (10.0.26100.9549)
Time: Sun Sep 27 19:09:05 2026 Hora est. Pacífico, Sudamérica elapsed time: 119.228305 seconds (0d 0h 1m 59s)

---------------  T H R E A D  ---------------

Current thread (0x00000265eb9bb640):  VMThread "VM Thread" [stack: 0x000000d13e400000,0x000000d13e500000] [id=14024]

Stack: [0x000000d13e400000,0x000000d13e500000]
Native frames: (J=compiled Java code, j=interpreted, Vv=VM code, C=native code)
V  [jvm.dll+0x684d39]
V  [jvm.dll+0x83a565]
V  [jvm.dll+0x83bfde]
V  [jvm.dll+0x83c663]
V  [jvm.dll+0x2490cf]
V  [jvm.dll+0x681af9]
V  [jvm.dll+0x6768ba]
V  [jvm.dll+0x309467]
V  [jvm.dll+0x310a56]
V  [jvm.dll+0x360f68]
V  [jvm.dll+0x36117d]
V  [jvm.dll+0x2e04ec]
V  [jvm.dll+0x2e3576]
V  [jvm.dll+0x2edcb4]
V  [jvm.dll+0x320f1d]
V  [jvm.dll+0x840e7d]
V  [jvm.dll+0x841bb3]
V  [jvm.dll+0x8420df]
V  [jvm.dll+0x8424c5]
V  [jvm.dll+0x84258e]
V  [jvm.dll+0x7eb17c]
V  [jvm.dll+0x683c07]
C  [ucrtbase.dll+0x2cd30]
C  [KERNEL32.DLL+0x2cdf7]
C  [ntdll.dll+0x7ee4c]

VM_Operation (0x000000d13e0ff8a0): G1PauseRemark, mode: safepoint, requested by thread 0x00000265d04335d0


---------------  P R O C E S S  ---------------

Threads class SMR info:
_java_thread_list=0x0000026611f2a2e0, length=106, elements={
0x00000265d03eeea0, 0x00000265eb9cb2c0, 0x00000265eb9ce540, 0x00000265eb9dd040,
0x00000265eb9dda60, 0x00000265eb9db1e0, 0x00000265eb9ddf70, 0x00000265eb9f3e20,
0x00000265eb9fa800, 0x00000265eb9dc620, 0x00000265eb9dbc00, 0x00000265eb9db6f0,
0x00000265eb9dc110, 0x00000265eb9dd550, 0x00000265eb9de480, 0x00000265eb9dacd0,
0x00000265f1b38080, 0x00000265f1b399d0, 0x00000265f1b38fb0, 0x00000265f1b394c0,
0x00000265f1b38590, 0x00000265f1b3a3f0, 0x00000265f1b3a900, 0x00000265f1b39ee0,
0x00000265f1b3b320, 0x00000265f1b3ae10, 0x00000265f1b3b830, 0x00000265f1b3c250,
0x00000265f1b38aa0, 0x00000265f1b3cc70, 0x00000265f1b3dba0, 0x00000265f1b3f4f0,
0x00000265f1b3bd40, 0x00000265fd2c4c70, 0x00000265fd2c23f0, 0x00000265fd2c5180,
0x00000265fd2c4250, 0x00000265fd2c2900, 0x00000265fd2c19d0, 0x00000265fd2c6ad0,
0x00000265fd2c4760, 0x00000265fd2c5ba0, 0x00000265fd2c60b0, 0x00000265fd2c65c0,
0x000002660462d7c0, 0x000002660462ec00, 0x000002660462f110, 0x000002660462dcd0,
0x000002660462be70, 0x000002660462c380, 0x000002660462c890, 0x00000266053643a0,
0x00000266053648b0, 0x0000026605364dc0, 0x00000266053657e0, 0x0000026605365cf0,
0x00000266053652d0, 0x0000026605362f60, 0x0000026605363980, 0x0000026605363e90,
0x0000026605366200, 0x0000026605366710, 0x0000026605363470, 0x00000265f0dd5870,
0x00000265f0dd4430, 0x00000265f0dd3a10, 0x00000265f0dd5d80, 0x00000265f0dd6290,
0x00000265f0dd3f20, 0x00000265f0dd2ae0, 0x00000265f0dd4e50, 0x00000265f0dd67a0,
0x00000265f0dd4940, 0x00000265f0dd6cb0, 0x00000265f0dd3500, 0x00000265f0dd7be0,
0x00000265f0dd8b10, 0x00000265f0dd76d0, 0x00000265f0dd9f50, 0x00000265f0dd8600,
0x00000265fd2c6fe0, 0x00000265fd2c3d40, 0x000002660506a3b0, 0x000002660506a8c0,
0x000002660506add0, 0x0000026605067b30, 0x0000026605068040, 0x00000265f0dd71c0,
0x00000266033d3600, 0x00000266033d6390, 0x00000266033d68a0, 0x00000266033d6db0,
0x0000026603bff7a0, 0x0000026604d9fd10, 0x0000026604da4e10, 0x0000026604da6250,
0x0000026604da7180, 0x0000026604da6760, 0x0000026604da1660, 0x0000026604da0220,
0x0000026604da6c70, 0x0000026604da4900, 0x0000026604da5320, 0x0000026603bff290,
0x0000026603c010f0, 0x00000265f0dd5360
}

Java Threads: ( => current thread )
  0x00000265d03eeea0 JavaThread "main" [_thread_blocked, id=18500, stack(0x000000d13de00000,0x000000d13df00000)]
  0x00000265eb9cb2c0 JavaThread "Reference Handler" daemon [_thread_blocked, id=3448, stack(0x000000d13e500000,0x000000d13e600000)]
  0x00000265eb9ce540 JavaThread "Finalizer" daemon [_thread_blocked, id=9980, stack(0x000000d13e600000,0x000000d13e700000)]
  0x00000265eb9dd040 JavaThread "Signal Dispatcher" daemon [_thread_blocked, id=13928, stack(0x000000d13e700000,0x000000d13e800000)]
  0x00000265eb9dda60 JavaThread "Attach Listener" daemon [_thread_blocked, id=19988, stack(0x000000d13e800000,0x000000d13e900000)]
  0x00000265eb9db1e0 JavaThread "Service Thread" daemon [_thread_blocked, id=6796, stack(0x000000d13e900000,0x000000d13ea00000)]
  0x00000265eb9ddf70 JavaThread "Monitor Deflation Thread" daemon [_thread_blocked, id=9672, stack(0x000000d13ea00000,0x000000d13eb00000)]
  0x00000265eb9f3e20 JavaThread "C2 CompilerThread0" daemon [_thread_blocked, id=10716, stack(0x000000d13eb00000,0x000000d13ec00000)]
  0x00000265eb9fa800 JavaThread "C1 CompilerThread0" daemon [_thread_blocked, id=23540, stack(0x000000d13ec00000,0x000000d13ed00000)]
  0x00000265eb9dc620 JavaThread "Sweeper thread" daemon [_thread_blocked, id=6400, stack(0x000000d13ed00000,0x000000d13ee00000)]
  0x00000265eb9dbc00 JavaThread "Common-Cleaner" daemon [_thread_blocked, id=16676, stack(0x000000d13ee00000,0x000000d13ef00000)]
  0x00000265eb9db6f0 JavaThread "Notification Thread" daemon [_thread_blocked, id=8120, stack(0x000000d13ef00000,0x000000d13f000000)]
  0x00000265eb9dc110 JavaThread "Daemon health stats" [_thread_blocked, id=22512, stack(0x000000d13f400000,0x000000d13f500000)]
  0x00000265eb9dd550 JavaThread "Incoming local TCP Connector on port 55270" [_thread_in_native, id=3076, stack(0x000000d13f600000,0x000000d13f700000)]
  0x00000265eb9de480 JavaThread "Daemon periodic checks" [_thread_blocked, id=21320, stack(0x000000d13f700000,0x000000d13f800000)]
  0x00000265eb9dacd0 JavaThread "Daemon" [_thread_blocked, id=9904, stack(0x000000d13f800000,0x000000d13f900000)]
  0x00000265f1b38080 JavaThread "Handler for socket connection from /127.0.0.1:55270 to /127.0.0.1:55271" [_thread_in_native, id=13672, stack(0x000000d13f900000,0x000000d13fa00000)]
  0x00000265f1b399d0 JavaThread "Cancel handler" [_thread_blocked, id=13520, stack(0x000000d13fa00000,0x000000d13fb00000)]
  0x00000265f1b38fb0 JavaThread "Daemon worker" [_thread_blocked, id=18224, stack(0x000000d13fb00000,0x000000d13fc00000)]
  0x00000265f1b394c0 JavaThread "Asynchronous log dispatcher for DefaultDaemonConnection: socket connection from /127.0.0.1:55270 to /127.0.0.1:55271" [_thread_blocked, id=1172, stack(0x000000d13fc00000,0x000000d13fd00000)]
  0x00000265f1b38590 JavaThread "Stdin handler" [_thread_blocked, id=17296, stack(0x000000d13fd00000,0x000000d13fe00000)]
  0x00000265f1b3a3f0 JavaThread "Daemon client event forwarder" [_thread_blocked, id=16196, stack(0x000000d13fe00000,0x000000d13ff00000)]
  0x00000265f1b3a900 JavaThread "Cache worker for journal cache (C:\Users\herre\.gradle\caches\journal-1)" [_thread_blocked, id=11500, stack(0x000000d13ff00000,0x000000d140000000)]
  0x00000265f1b39ee0 JavaThread "File lock request listener" [_thread_in_native, id=21164, stack(0x000000d140000000,0x000000d140100000)]
  0x00000265f1b3b320 JavaThread "Cache worker for file hash cache (C:\Users\herre\.gradle\caches\9.1.0\fileHashes)" [_thread_blocked, id=8188, stack(0x000000d140100000,0x000000d140200000)]
  0x00000265f1b3ae10 JavaThread "Cache worker for file hash cache (C:\Users\herre\StudioProjects\PrestamosLabCTMA\.gradle\9.1.0\fileHashes)" [_thread_blocked, id=22344, stack(0x000000d140200000,0x000000d140300000)]
  0x00000265f1b3b830 JavaThread "Cache worker for Build Output Cleanup Cache (C:\Users\herre\StudioProjects\PrestamosLabCTMA\.gradle\buildOutputCleanup)" [_thread_blocked, id=18228, stack(0x000000d140300000,0x000000d140400000)]
  0x00000265f1b3c250 JavaThread "File watcher server" daemon [_thread_blocked, id=14636, stack(0x000000d140400000,0x000000d140500000)]
  0x00000265f1b38aa0 JavaThread "File watcher consumer" daemon [_thread_blocked, id=20572, stack(0x000000d140500000,0x000000d140600000)]
  0x00000265f1b3cc70 JavaThread "Cache worker for checksums cache (C:\Users\herre\StudioProjects\PrestamosLabCTMA\.gradle\9.1.0\checksums)" [_thread_blocked, id=5732, stack(0x000000d140600000,0x000000d140700000)]
  0x00000265f1b3dba0 JavaThread "Cache worker for file content cache (C:\Users\herre\.gradle\caches\9.1.0\fileContent)" [_thread_blocked, id=21000, stack(0x000000d140700000,0x000000d140800000)]
  0x00000265f1b3f4f0 JavaThread "Cache worker for cache directory md-supplier (C:\Users\herre\.gradle\caches\9.1.0\md-supplier)" [_thread_blocked, id=14108, stack(0x000000d140800000,0x000000d140900000)]
  0x00000265f1b3bd40 JavaThread "Cache worker for cache directory md-rule (C:\Users\herre\.gradle\caches\9.1.0\md-rule)" [_thread_blocked, id=14800, stack(0x000000d140900000,0x000000d140a00000)]
  0x00000265fd2c4c70 JavaThread "Unconstrained build operations" [_thread_blocked, id=21016, stack(0x000000d140c00000,0x000000d140d00000)]
  0x00000265fd2c23f0 JavaThread "Unconstrained build operations Thread 2" [_thread_blocked, id=11756, stack(0x000000d140d00000,0x000000d140e00000)]
  0x00000265fd2c5180 JavaThread "Unconstrained build operations Thread 3" [_thread_blocked, id=12476, stack(0x000000d140e00000,0x000000d140f00000)]
  0x00000265fd2c4250 JavaThread "Unconstrained build operations Thread 4" [_thread_blocked, id=11308, stack(0x000000d140f00000,0x000000d141000000)]
  0x00000265fd2c2900 JavaThread "Unconstrained build operations Thread 5" [_thread_blocked, id=5748, stack(0x000000d141000000,0x000000d141100000)]
  0x00000265fd2c19d0 JavaThread "Unconstrained build operations Thread 6" [_thread_blocked, id=14092, stack(0x000000d141100000,0x000000d141200000)]
  0x00000265fd2c6ad0 JavaThread "Unconstrained build operations Thread 7" [_thread_blocked, id=22272, stack(0x000000d141200000,0x000000d141300000)]
  0x00000265fd2c4760 JavaThread "Unconstrained build operations Thread 8" [_thread_blocked, id=11912, stack(0x000000d141300000,0x000000d141400000)]
  0x00000265fd2c5ba0 JavaThread "Unconstrained build operations Thread 9" [_thread_blocked, id=13468, stack(0x000000d141400000,0x000000d141500000)]
  0x00000265fd2c60b0 JavaThread "Memory manager" [_thread_blocked, id=21780, stack(0x000000d141700000,0x000000d141800000)]
  0x00000265fd2c65c0 JavaThread "build event listener" [_thread_blocked, id=13120, stack(0x000000d141800000,0x000000d141900000)]
  0x000002660462d7c0 JavaThread "pool-3-thread-1" [_thread_blocked, id=14552, stack(0x000000d141900000,0x000000d141a00000)]
  0x000002660462ec00 JavaThread "build event listener" [_thread_blocked, id=16888, stack(0x000000d141a00000,0x000000d141b00000)]
  0x000002660462f110 JavaThread "included builds" [_thread_blocked, id=12312, stack(0x000000d141b00000,0x000000d141c00000)]
  0x000002660462dcd0 JavaThread "Execution worker" [_thread_blocked, id=3372, stack(0x000000d141c00000,0x000000d141d00000)]
  0x000002660462be70 JavaThread "Execution worker Thread 2" [_thread_blocked, id=4200, stack(0x000000d141d00000,0x000000d141e00000)]
  0x000002660462c380 JavaThread "Execution worker Thread 3" [_thread_blocked, id=16040, stack(0x000000d141e00000,0x000000d141f00000)]
  0x000002660462c890 JavaThread "Cache worker for execution history cache (C:\Users\herre\StudioProjects\PrestamosLabCTMA\.gradle\9.1.0\executionHistory)" [_thread_blocked, id=23116, stack(0x000000d141f00000,0x000000d142000000)]
  0x00000266053643a0 JavaThread "Unconstrained build operations Thread 10" [_thread_blocked, id=396, stack(0x000000d142000000,0x000000d142100000)]
  0x00000266053648b0 JavaThread "Unconstrained build operations Thread 11" [_thread_blocked, id=17196, stack(0x000000d142100000,0x000000d142200000)]
  0x0000026605364dc0 JavaThread "Unconstrained build operations Thread 12" [_thread_blocked, id=19528, stack(0x000000d142200000,0x000000d142300000)]
  0x00000266053657e0 JavaThread "Unconstrained build operations Thread 13" [_thread_blocked, id=19068, stack(0x000000d13dc00000,0x000000d13dd00000)]
  0x0000026605365cf0 JavaThread "WorkerExecutor Queue" [_thread_in_native, id=8220, stack(0x000000d13dd00000,0x000000d13de00000)]
  0x00000266053652d0 JavaThread "Unconstrained build operations Thread 14" [_thread_blocked, id=7616, stack(0x000000d142300000,0x000000d142400000)]
  0x0000026605362f60 JavaThread "Unconstrained build operations Thread 15" [_thread_blocked, id=8512, stack(0x000000d142400000,0x000000d142500000)]
  0x0000026605363980 JavaThread "Unconstrained build operations Thread 16" [_thread_blocked, id=14292, stack(0x000000d142500000,0x000000d142600000)]
  0x0000026605363e90 JavaThread "WorkerExecutor Queue Thread 2" [_thread_blocked, id=1780, stack(0x000000d142600000,0x000000d142700000)]
  0x0000026605366200 JavaThread "Unconstrained build operations Thread 17" [_thread_blocked, id=10976, stack(0x000000d142700000,0x000000d142800000)]
  0x0000026605366710 JavaThread "Unconstrained build operations Thread 18" [_thread_blocked, id=2464, stack(0x000000d142800000,0x000000d142900000)]
  0x0000026605363470 JavaThread "Unconstrained build operations Thread 19" [_thread_blocked, id=22008, stack(0x000000d142900000,0x000000d142a00000)]
  0x00000265f0dd5870 JavaThread "WorkerExecutor Queue Thread 4" [_thread_blocked, id=22560, stack(0x000000d142b00000,0x000000d142c00000)]
  0x00000265f0dd4430 JavaThread "Unconstrained build operations Thread 20" [_thread_blocked, id=22160, stack(0x000000d142c00000,0x000000d142d00000)]
  0x00000265f0dd3a10 JavaThread "Unconstrained build operations Thread 21" [_thread_blocked, id=20176, stack(0x000000d142d00000,0x000000d142e00000)]
  0x00000265f0dd5d80 JavaThread "Unconstrained build operations Thread 22" [_thread_blocked, id=6648, stack(0x000000d142e00000,0x000000d142f00000)]
  0x00000265f0dd6290 JavaThread "Unconstrained build operations Thread 23" [_thread_blocked, id=21036, stack(0x000000d142f00000,0x000000d143000000)]
  0x00000265f0dd3f20 JavaThread "Unconstrained build operations Thread 24" [_thread_blocked, id=8768, stack(0x000000d143000000,0x000000d143100000)]
  0x00000265f0dd2ae0 JavaThread "Unconstrained build operations Thread 25" [_thread_blocked, id=10828, stack(0x000000d143100000,0x000000d143200000)]
  0x00000265f0dd4e50 JavaThread "Unconstrained build operations Thread 26" [_thread_blocked, id=19036, stack(0x000000d143200000,0x000000d143300000)]
  0x00000265f0dd67a0 JavaThread "Unconstrained build operations Thread 27" [_thread_blocked, id=7712, stack(0x000000d143300000,0x000000d143400000)]
  0x00000265f0dd4940 JavaThread "Unconstrained build operations Thread 28" [_thread_blocked, id=17216, stack(0x000000d143400000,0x000000d143500000)]
  0x00000265f0dd6cb0 JavaThread "Unconstrained build operations Thread 29" [_thread_blocked, id=18644, stack(0x000000d143500000,0x000000d143600000)]
  0x00000265f0dd3500 JavaThread "Unconstrained build operations Thread 30" [_thread_blocked, id=22732, stack(0x000000d143600000,0x000000d143700000)]
  0x00000265f0dd7be0 JavaThread "Unconstrained build operations Thread 31" [_thread_blocked, id=9956, stack(0x000000d143700000,0x000000d143800000)]
  0x00000265f0dd8b10 JavaThread "Unconstrained build operations Thread 32" [_thread_blocked, id=14284, stack(0x000000d143800000,0x000000d143900000)]
  0x00000265f0dd76d0 JavaThread "Unconstrained build operations Thread 33" [_thread_blocked, id=20680, stack(0x000000d143900000,0x000000d143a00000)]
  0x00000265f0dd9f50 JavaThread "Unconstrained build operations Thread 34" [_thread_blocked, id=12168, stack(0x000000d143a00000,0x000000d143b00000)]
  0x00000265f0dd8600 JavaThread "Unconstrained build operations Thread 35" [_thread_blocked, id=5172, stack(0x000000d143b00000,0x000000d143c00000)]
  0x00000265fd2c6fe0 JavaThread "Periodic tasks thread" daemon [_thread_blocked, id=18708, stack(0x000000d143c00000,0x000000d143d00000)]
  0x00000265fd2c3d40 JavaThread "ApplicationImpl pooled thread 1" daemon [_thread_blocked, id=22908, stack(0x000000d143d00000,0x000000d143e00000)]
  0x000002660506a3b0 JavaThread "ForkJoinPool.commonPool-worker-1" daemon [_thread_blocked, id=13328, stack(0x000000d143e00000,0x000000d143f00000)]
  0x000002660506a8c0 JavaThread "Java2D Disposer" daemon [_thread_blocked, id=14548, stack(0x000000d143f00000,0x000000d144000000)]
  0x000002660506add0 JavaThread "AWT-Windows" daemon [_thread_in_native, id=13864, stack(0x000000d144100000,0x000000d144200000)]
  0x0000026605067b30 JavaThread "Unconstrained build operations Thread 36" [_thread_blocked, id=19460, stack(0x000000d144200000,0x000000d144300000)]
  0x0000026605068040 JavaThread "Unconstrained build operations Thread 37" [_thread_blocked, id=8788, stack(0x000000d144300000,0x000000d144400000)]
  0x00000265f0dd71c0 JavaThread "Unconstrained build operations Thread 38" [_thread_blocked, id=2872, stack(0x000000d144400000,0x000000d144500000)]
  0x00000266033d3600 JavaThread "ForkJoinPool.commonPool-worker-2" daemon [_thread_blocked, id=10452, stack(0x000000d144500000,0x000000d144600000)]
  0x00000266033d6390 JavaThread "ForkJoinPool.commonPool-worker-3" daemon [_thread_blocked, id=15204, stack(0x000000d144000000,0x000000d144100000)]
  0x00000266033d68a0 JavaThread "Unconstrained build operations Thread 39" [_thread_blocked, id=11124, stack(0x000000d144600000,0x000000d144700000)]
  0x00000266033d6db0 JavaThread "Unconstrained build operations Thread 40" [_thread_blocked, id=7096, stack(0x000000d144700000,0x000000d144800000)]
  0x0000026603bff7a0 JavaThread "WorkerExecutor Queue Thread 5" [_thread_blocked, id=11464, stack(0x000000d144800000,0x000000d144900000)]
  0x0000026604d9fd10 JavaThread "ForkJoinPool-1-worker-1" daemon [_thread_blocked, id=10084, stack(0x000000d142a00000,0x000000d142b00000)]
  0x0000026604da4e10 JavaThread "ForkJoinPool-1-worker-2" daemon [_thread_blocked, id=12712, stack(0x000000d144900000,0x000000d144a00000)]
  0x0000026604da6250 JavaThread "ForkJoinPool-1-worker-3" daemon [_thread_blocked, id=5268, stack(0x000000d144a00000,0x000000d144b00000)]
  0x0000026604da7180 JavaThread "ForkJoinPool-1-worker-4" daemon [_thread_blocked, id=2720, stack(0x000000d144b00000,0x000000d144c00000)]
  0x0000026604da6760 JavaThread "pool-5-thread-1" [_thread_blocked, id=22208, stack(0x000000d144c00000,0x000000d144d00000)]
  0x0000026604da1660 JavaThread "stderr" [_thread_in_native, id=6736, stack(0x000000d144d00000,0x000000d144e00000)]
  0x0000026604da0220 JavaThread "stdout" [_thread_in_native, id=16716, stack(0x000000d144e00000,0x000000d144f00000)]
  0x0000026604da6c70 JavaThread "RMI Scheduler(0)" daemon [_thread_blocked, id=4552, stack(0x000000d144f00000,0x000000d145000000)]
  0x0000026604da4900 JavaThread "RMI RenewClean-[127.0.0.1:17189,org.jetbrains.kotlin.daemon.common.LoopbackNetworkInterface$ClientLoopbackSocketFactory@c3f28b8]" daemon [_thread_blocked, id=11548, stack(0x000000d145000000,0x000000d145100000)]
  0x0000026604da5320 JavaThread "RMI GC Daemon" daemon [_thread_blocked, id=17548, stack(0x000000d145100000,0x000000d145200000)]
  0x0000026603bff290 JavaThread "RMI TCP Accept-0" daemon [_thread_in_native, id=8004, stack(0x000000d145200000,0x000000d145300000)]
  0x0000026603c010f0 JavaThread "RMI Reaper" [_thread_blocked, id=9240, stack(0x000000d145300000,0x000000d145400000)]
  0x00000265f0dd5360 JavaThread "RMI TCP Connection(1)-127.0.0.1" daemon [_thread_in_native, id=16500, stack(0x000000d145400000,0x000000d145500000)]

Other Threads:
=>0x00000265eb9bb640 VMThread "VM Thread" [stack: 0x000000d13e400000,0x000000d13e500000] [id=14024]
  0x00000265ebcc4900 WatcherThread [stack: 0x000000d13f000000,0x000000d13f100000] [id=16300]
  0x00000265d042a770 GCTaskThread "GC Thread#0" [stack: 0x000000d13df00000,0x000000d13e000000] [id=19316]
  0x00000265ebdb5390 GCTaskThread "GC Thread#1" [stack: 0x000000d13f100000,0x000000d13f200000] [id=15552]
  0x00000265ebe59e90 GCTaskThread "GC Thread#2" [stack: 0x000000d13f200000,0x000000d13f300000] [id=13796]
  0x00000265f052fff0 GCTaskThread "GC Thread#3" [stack: 0x000000d13f300000,0x000000d13f400000] [id=23204]
  0x00000265d04335d0 ConcurrentGCThread "G1 Main Marker" [stack: 0x000000d13e000000,0x000000d13e100000] [id=7388]
  0x00000265d0433f00 ConcurrentGCThread "G1 Conc#0" [stack: 0x000000d13e100000,0x000000d13e200000] [id=13660]
  0x00000265d0474170 ConcurrentGCThread "G1 Refine#0" [stack: 0x000000d13e200000,0x000000d13e300000] [id=9544]
  0x00000265f1633620 ConcurrentGCThread "G1 Refine#1" [stack: 0x000000d13f500000,0x000000d13f600000] [id=8360]
  0x00000265f41cfad0 ConcurrentGCThread "G1 Refine#2" [stack: 0x000000d140a00000,0x000000d140b00000] [id=23008]
  0x00000265f41d1540 ConcurrentGCThread "G1 Refine#3" [stack: 0x000000d140b00000,0x000000d140c00000] [id=23180]
  0x00000265d0474ab0 ConcurrentGCThread "G1 Service" [stack: 0x000000d13e300000,0x000000d13e400000] [id=2888]

Threads with active compile tasks:
C2 CompilerThread0  119376 35085       4       com.android.tools.r8.dex.f0::a (36 bytes)

VM state: at safepoint (normal execution)

VM Mutex/Monitor currently owned by a thread:  ([mutex/lock_event])
[0x00000265d03e9290] Threads_lock - owner thread: 0x00000265eb9bb640
[0x00000265d03ea760] Heap_lock - owner thread: 0x00000265d04335d0

Heap address: 0x00000000c0000000, size: 1024 MB, Compressed Oops mode: 32-bit

CDS archive(s) mapped at: [0x0000026580000000-0x0000026580bb0000-0x0000026580bb0000), size 12255232, SharedBaseAddress: 0x0000026580000000, ArchiveRelocationMode: 1.
Compressed class space mapped at: 0x0000026581000000-0x00000265c1000000, reserved size: 1073741824
Narrow klass base: 0x0000026580000000, Narrow klass shift: 0, Narrow klass range: 0x100000000

GC Precious Log:
 CPUs: 4 total, 4 available
 Memory: 3520M
 Large Page Support: Disabled
 NUMA Support: Disabled
 Compressed Oops: Enabled (32-bit)
 Heap Region Size: 1M
 Heap Min Capacity: 8M
 Heap Initial Capacity: 56M
 Heap Max Capacity: 1G
 Pre-touch: Disabled
 Parallel Workers: 4
 Concurrent Workers: 1
 Concurrent Refinement Workers: 4
 Periodic GC: Disabled

Heap:
 garbage-first heap   total 904192K, used 648518K [0x00000000c0000000, 0x0000000100000000)
  region size 1024K, 31 young (31744K), 3 survivors (3072K)
 Metaspace       used 243979K, committed 245248K, reserved 1310720K
  class space    used 30576K, committed 31168K, reserved 1048576K

Heap Regions: E=young(eden), S=young(survivor), O=old, HS=humongous(starts), HC=humongous(continues), CS=collection set, F=free, OA=open archive, CA=closed archive, TAMS=top-at-mark-start (previous, next)
|   0|0x00000000c0000000, 0x00000000c0100000, 0x00000000c0100000|100%|HS|  |TAMS 0x00000000c0100000, 0x00000000c0000000| Complete 
|   1|0x00000000c0100000, 0x00000000c0200000, 0x00000000c0200000|100%|HC|  |TAMS 0x00000000c0200000, 0x00000000c0100000| Complete 
|   2|0x00000000c0200000, 0x00000000c0300000, 0x00000000c0300000|100%|HC|  |TAMS 0x00000000c0300000, 0x00000000c0200000| Complete 
|   3|0x00000000c0300000, 0x00000000c0400000, 0x00000000c0400000|100%| O|  |TAMS 0x00000000c0400000, 0x00000000c0300000| Untracked 
|   4|0x00000000c0400000, 0x00000000c0500000, 0x00000000c0500000|100%| O|  |TAMS 0x00000000c0500000, 0x00000000c0400000| Untracked 
|   5|0x00000000c0500000, 0x00000000c0600000, 0x00000000c0600000|100%| O|  |TAMS 0x00000000c0600000, 0x00000000c0500000| Untracked 
|   6|0x00000000c0600000, 0x00000000c0700000, 0x00000000c0700000|100%| O|  |TAMS 0x00000000c0700000, 0x00000000c0600000| Updating 
|   7|0x00000000c0700000, 0x00000000c0800000, 0x00000000c0800000|100%| O|  |TAMS 0x00000000c0800000, 0x00000000c0700000| Untracked 
|   8|0x00000000c0800000, 0x00000000c0900000, 0x00000000c0900000|100%| O|  |TAMS 0x00000000c0900000, 0x00000000c0800000| Untracked 
|   9|0x00000000c0900000, 0x00000000c0a00000, 0x00000000c0a00000|100%| O|  |TAMS 0x00000000c0a00000, 0x00000000c0900000| Untracked 
|  10|0x00000000c0a00000, 0x00000000c0b00000, 0x00000000c0b00000|100%|HS|  |TAMS 0x00000000c0b00000, 0x00000000c0a00000| Complete 
|  11|0x00000000c0b00000, 0x00000000c0c00000, 0x00000000c0c00000|100%| O|  |TAMS 0x00000000c0c00000, 0x00000000c0b00000| Untracked 
|  12|0x00000000c0c00000, 0x00000000c0d00000, 0x00000000c0d00000|100%| O|  |TAMS 0x00000000c0d00000, 0x00000000c0c00000| Untracked 
|  13|0x00000000c0d00000, 0x00000000c0e00000, 0x00000000c0e00000|100%| O|  |TAMS 0x00000000c0e00000, 0x00000000c0d00000| Untracked 
|  14|0x00000000c0e00000, 0x00000000c0f00000, 0x00000000c0f00000|100%| O|  |TAMS 0x00000000c0f00000, 0x00000000c0e00000| Untracked 
|  15|0x00000000c0f00000, 0x00000000c1000000, 0x00000000c1000000|100%| O|  |TAMS 0x00000000c1000000, 0x00000000c0f00000| Untracked 
|  16|0x00000000c1000000, 0x00000000c1100000, 0x00000000c1100000|100%| O|  |TAMS 0x00000000c1100000, 0x00000000c1000000| Untracked 
|  17|0x00000000c1100000, 0x00000000c1200000, 0x00000000c1200000|100%| O|  |TAMS 0x00000000c1200000, 0x00000000c1100000| Updating 
|  18|0x00000000c1200000, 0x00000000c1300000, 0x00000000c1300000|100%| O|  |TAMS 0x00000000c1300000, 0x00000000c1200000| Untracked 
|  19|0x00000000c1300000, 0x00000000c1400000, 0x00000000c1400000|100%| O|  |TAMS 0x00000000c1400000, 0x00000000c1300000| Updating 
|  20|0x00000000c1400000, 0x00000000c1500000, 0x00000000c1500000|100%| O|  |TAMS 0x00000000c1500000, 0x00000000c1400000| Updating 
|  21|0x00000000c1500000, 0x00000000c1600000, 0x00000000c1600000|100%| O|  |TAMS 0x00000000c1600000, 0x00000000c1500000| Updating 
|  22|0x00000000c1600000, 0x00000000c1700000, 0x00000000c1700000|100%| O|  |TAMS 0x00000000c1700000, 0x00000000c1600000| Updating 
|  23|0x00000000c1700000, 0x00000000c1800000, 0x00000000c1800000|100%| O|  |TAMS 0x00000000c1800000, 0x00000000c1700000| Untracked 
|  24|0x00000000c1800000, 0x00000000c1900000, 0x00000000c1900000|100%| O|  |TAMS 0x00000000c1900000, 0x00000000c1800000| Updating 
|  25|0x00000000c1900000, 0x00000000c1a00000, 0x00000000c1a00000|100%| O|  |TAMS 0x00000000c1a00000, 0x00000000c1900000| Untracked 
|  26|0x00000000c1a00000, 0x00000000c1b00000, 0x00000000c1b00000|100%| O|  |TAMS 0x00000000c1b00000, 0x00000000c1a00000| Untracked 
|  27|0x00000000c1b00000, 0x00000000c1c00000, 0x00000000c1c00000|100%| O|  |TAMS 0x00000000c1c00000, 0x00000000c1b00000| Untracked 
|  28|0x00000000c1c00000, 0x00000000c1d00000, 0x00000000c1d00000|100%| O|  |TAMS 0x00000000c1d00000, 0x00000000c1c00000| Updating 
|  29|0x00000000c1d00000, 0x00000000c1e00000, 0x00000000c1e00000|100%| O|  |TAMS 0x00000000c1e00000, 0x00000000c1d00000| Updating 
|  30|0x00000000c1e00000, 0x00000000c1f00000, 0x00000000c1f00000|100%| O|  |TAMS 0x00000000c1f00000, 0x00000000c1e00000| Untracked 
|  31|0x00000000c1f00000, 0x00000000c2000000, 0x00000000c2000000|100%| O|  |TAMS 0x00000000c2000000, 0x00000000c1f00000| Untracked 
|  32|0x00000000c2000000, 0x00000000c2100000, 0x00000000c2100000|100%| O|  |TAMS 0x00000000c2100000, 0x00000000c2000000| Updating 
|  33|0x00000000c2100000, 0x00000000c2200000, 0x00000000c2200000|100%| O|  |TAMS 0x00000000c2200000, 0x00000000c2100000| Untracked 
|  34|0x00000000c2200000, 0x00000000c2300000, 0x00000000c2300000|100%| O|  |TAMS 0x00000000c2300000, 0x00000000c2200000| Updating 
|  35|0x00000000c2300000, 0x00000000c2400000, 0x00000000c2400000|100%| O|  |TAMS 0x00000000c2400000, 0x00000000c2300000| Untracked 
|  36|0x00000000c2400000, 0x00000000c2500000, 0x00000000c2500000|100%| O|  |TAMS 0x00000000c2500000, 0x00000000c2400000| Updating 
|  37|0x00000000c2500000, 0x00000000c2600000, 0x00000000c2600000|100%| O|  |TAMS 0x00000000c2600000, 0x00000000c2500000| Untracked 
|  38|0x00000000c2600000, 0x00000000c2700000, 0x00000000c2700000|100%| O|  |TAMS 0x00000000c2700000, 0x00000000c2600000| Untracked 
|  39|0x00000000c2700000, 0x00000000c2800000, 0x00000000c2800000|100%| O|  |TAMS 0x00000000c2800000, 0x00000000c2700000| Untracked 
|  40|0x00000000c2800000, 0x00000000c2900000, 0x00000000c2900000|100%| O|  |TAMS 0x00000000c2900000, 0x00000000c2800000| Updating 
|  41|0x00000000c2900000, 0x00000000c2a00000, 0x00000000c2a00000|100%| O|  |TAMS 0x00000000c2a00000, 0x00000000c2900000| Updating 
|  42|0x00000000c2a00000, 0x00000000c2b00000, 0x00000000c2b00000|100%| O|  |TAMS 0x00000000c2b00000, 0x00000000c2a00000| Updating 
|  43|0x00000000c2b00000, 0x00000000c2c00000, 0x00000000c2c00000|100%| O|  |TAMS 0x00000000c2c00000, 0x00000000c2b00000| Updating 
|  44|0x00000000c2c00000, 0x00000000c2d00000, 0x00000000c2d00000|100%| O|  |TAMS 0x00000000c2d00000, 0x00000000c2c00000| Untracked 
|  45|0x00000000c2d00000, 0x00000000c2e00000, 0x00000000c2e00000|100%| O|  |TAMS 0x00000000c2e00000, 0x00000000c2d00000| Untracked 
|  46|0x00000000c2e00000, 0x00000000c2f00000, 0x00000000c2f00000|100%| O|  |TAMS 0x00000000c2f00000, 0x00000000c2e00000| Updating 
|  47|0x00000000c2f00000, 0x00000000c2f00000, 0x00000000c3000000|  0%| F|  |TAMS 0x00000000c2f00000, 0x00000000c2f00000| Untracked 
|  48|0x00000000c3000000, 0x00000000c3100000, 0x00000000c3100000|100%|HS|  |TAMS 0x00000000c3100000, 0x00000000c3000000| Complete 
|  49|0x00000000c3100000, 0x00000000c3200000, 0x00000000c3200000|100%|HC|  |TAMS 0x00000000c3200000, 0x00000000c3100000| Complete 
|  50|0x00000000c3200000, 0x00000000c3300000, 0x00000000c3300000|100%| O|  |TAMS 0x00000000c3300000, 0x00000000c3200000| Untracked 
|  51|0x00000000c3300000, 0x00000000c3400000, 0x00000000c3400000|100%|HS|  |TAMS 0x00000000c3400000, 0x00000000c3300000| Complete 
|  52|0x00000000c3400000, 0x00000000c3500000, 0x00000000c3500000|100%|HS|  |TAMS 0x00000000c3500000, 0x00000000c3400000| Complete 
|  53|0x00000000c3500000, 0x00000000c3600000, 0x00000000c3600000|100%| O|  |TAMS 0x00000000c3600000, 0x00000000c3500000| Updating 
|  54|0x00000000c3600000, 0x00000000c3700000, 0x00000000c3700000|100%| O|  |TAMS 0x00000000c3700000, 0x00000000c3600000| Untracked 
|  55|0x00000000c3700000, 0x00000000c3800000, 0x00000000c3800000|100%| O|  |TAMS 0x00000000c3800000, 0x00000000c3700000| Untracked 
|  56|0x00000000c3800000, 0x00000000c3900000, 0x00000000c3900000|100%| O|  |TAMS 0x00000000c3900000, 0x00000000c3800000| Updating 
|  57|0x00000000c3900000, 0x00000000c3900000, 0x00000000c3a00000|  0%| F|  |TAMS 0x00000000c3900000, 0x00000000c3900000| Untracked 
|  58|0x00000000c3a00000, 0x00000000c3a00000, 0x00000000c3b00000|  0%| F|  |TAMS 0x00000000c3a00000, 0x00000000c3a00000| Untracked 
|  59|0x00000000c3b00000, 0x00000000c3c00000, 0x00000000c3c00000|100%| O|  |TAMS 0x00000000c3c00000, 0x00000000c3b00000| Untracked 
|  60|0x00000000c3c00000, 0x00000000c3d00000, 0x00000000c3d00000|100%|HS|  |TAMS 0x00000000c3d00000, 0x00000000c3c00000| Complete 
|  61|0x00000000c3d00000, 0x00000000c3e00000, 0x00000000c3e00000|100%| O|  |TAMS 0x00000000c3e00000, 0x00000000c3d00000| Untracked 
|  62|0x00000000c3e00000, 0x00000000c3f00000, 0x00000000c3f00000|100%| O|  |TAMS 0x00000000c3f00000, 0x00000000c3e00000| Untracked 
|  63|0x00000000c3f00000, 0x00000000c4000000, 0x00000000c4000000|100%| O|  |TAMS 0x00000000c4000000, 0x00000000c3f00000| Updating 
|  64|0x00000000c4000000, 0x00000000c4100000, 0x00000000c4100000|100%|HS|  |TAMS 0x00000000c4100000, 0x00000000c4000000| Complete 
|  65|0x00000000c4100000, 0x00000000c4200000, 0x00000000c4200000|100%| O|  |TAMS 0x00000000c4200000, 0x00000000c4100000| Untracked 
|  66|0x00000000c4200000, 0x00000000c4300000, 0x00000000c4300000|100%| O|  |TAMS 0x00000000c4300000, 0x00000000c4200000| Updating 
|  67|0x00000000c4300000, 0x00000000c4400000, 0x00000000c4400000|100%| O|  |TAMS 0x00000000c4400000, 0x00000000c4300000| Untracked 
|  68|0x00000000c4400000, 0x00000000c4500000, 0x00000000c4500000|100%| O|  |TAMS 0x00000000c4500000, 0x00000000c4400000| Untracked 
|  69|0x00000000c4500000, 0x00000000c4600000, 0x00000000c4600000|100%| O|  |TAMS 0x00000000c4600000, 0x00000000c4500000| Untracked 
|  70|0x00000000c4600000, 0x00000000c4600000, 0x00000000c4700000|  0%| F|  |TAMS 0x00000000c4600000, 0x00000000c4600000| Untracked 
|  71|0x00000000c4700000, 0x00000000c4800000, 0x00000000c4800000|100%| O|  |TAMS 0x00000000c4800000, 0x00000000c4700000| Untracked 
|  72|0x00000000c4800000, 0x00000000c4900000, 0x00000000c4900000|100%| O|  |TAMS 0x00000000c4900000, 0x00000000c4800000| Untracked 
|  73|0x00000000c4900000, 0x00000000c4a00000, 0x00000000c4a00000|100%| O|  |TAMS 0x00000000c4a00000, 0x00000000c4900000| Updating 
|  74|0x00000000c4a00000, 0x00000000c4b00000, 0x00000000c4b00000|100%| O|  |TAMS 0x00000000c4b00000, 0x00000000c4a00000| Updating 
|  75|0x00000000c4b00000, 0x00000000c4c00000, 0x00000000c4c00000|100%| O|  |TAMS 0x00000000c4c00000, 0x00000000c4b00000| Updating 
|  76|0x00000000c4c00000, 0x00000000c4d00000, 0x00000000c4d00000|100%| O|  |TAMS 0x00000000c4d00000, 0x00000000c4c00000| Untracked 
|  77|0x00000000c4d00000, 0x00000000c4e00000, 0x00000000c4e00000|100%| O|  |TAMS 0x00000000c4e00000, 0x00000000c4d00000| Untracked 
|  78|0x00000000c4e00000, 0x00000000c4f00000, 0x00000000c4f00000|100%| O|  |TAMS 0x00000000c4f00000, 0x00000000c4e00000| Updating 
|  79|0x00000000c4f00000, 0x00000000c5000000, 0x00000000c5000000|100%| O|  |TAMS 0x00000000c5000000, 0x00000000c4f00000| Updating 
|  80|0x00000000c5000000, 0x00000000c5100000, 0x00000000c5100000|100%| O|  |TAMS 0x00000000c5100000, 0x00000000c5000000| Updating 
|  81|0x00000000c5100000, 0x00000000c5200000, 0x00000000c5200000|100%| O|  |TAMS 0x00000000c5200000, 0x00000000c5100000| Updating 
|  82|0x00000000c5200000, 0x00000000c5300000, 0x00000000c5300000|100%| O|  |TAMS 0x00000000c5300000, 0x00000000c5200000| Untracked 
|  83|0x00000000c5300000, 0x00000000c5400000, 0x00000000c5400000|100%| O|  |TAMS 0x00000000c5400000, 0x00000000c5300000| Untracked 
|  84|0x00000000c5400000, 0x00000000c5500000, 0x00000000c5500000|100%| O|  |TAMS 0x00000000c5500000, 0x00000000c5400000| Untracked 
|  85|0x00000000c5500000, 0x00000000c5600000, 0x00000000c5600000|100%| O|  |TAMS 0x00000000c5600000, 0x00000000c5500000| Untracked 
|  86|0x00000000c5600000, 0x00000000c5700000, 0x00000000c5700000|100%| O|  |TAMS 0x00000000c5700000, 0x00000000c5600000| Untracked 
|  87|0x00000000c5700000, 0x00000000c5800000, 0x00000000c5800000|100%| O|  |TAMS 0x00000000c5800000, 0x00000000c5700000| Untracked 
|  88|0x00000000c5800000, 0x00000000c5900000, 0x00000000c5900000|100%| O|  |TAMS 0x00000000c5900000, 0x00000000c5800000| Untracked 
|  89|0x00000000c5900000, 0x00000000c5a00000, 0x00000000c5a00000|100%| O|  |TAMS 0x00000000c5a00000, 0x00000000c5900000| Untracked 
|  90|0x00000000c5a00000, 0x00000000c5b00000, 0x00000000c5b00000|100%| O|  |TAMS 0x00000000c5b00000, 0x00000000c5a00000| Untracked 
|  91|0x00000000c5b00000, 0x00000000c5c00000, 0x00000000c5c00000|100%| O|  |TAMS 0x00000000c5c00000, 0x00000000c5b00000| Untracked 
|  92|0x00000000c5c00000, 0x00000000c5d00000, 0x00000000c5d00000|100%| O|  |TAMS 0x00000000c5d00000, 0x00000000c5c00000| Updating 
|  93|0x00000000c5d00000, 0x00000000c5e00000, 0x00000000c5e00000|100%| O|  |TAMS 0x00000000c5e00000, 0x00000000c5d00000| Untracked 
|  94|0x00000000c5e00000, 0x00000000c5f00000, 0x00000000c5f00000|100%| O|  |TAMS 0x00000000c5f00000, 0x00000000c5e00000| Updating 
|  95|0x00000000c5f00000, 0x00000000c6000000, 0x00000000c6000000|100%| O|  |TAMS 0x00000000c6000000, 0x00000000c5f00000| Untracked 
|  96|0x00000000c6000000, 0x00000000c6000000, 0x00000000c6100000|  0%| F|  |TAMS 0x00000000c6000000, 0x00000000c6000000| Untracked 
|  97|0x00000000c6100000, 0x00000000c6200000, 0x00000000c6200000|100%| O|  |TAMS 0x00000000c6200000, 0x00000000c6100000| Updating 
|  98|0x00000000c6200000, 0x00000000c6300000, 0x00000000c6300000|100%| O|  |TAMS 0x00000000c6300000, 0x00000000c6200000| Untracked 
|  99|0x00000000c6300000, 0x00000000c6400000, 0x00000000c6400000|100%|HS|  |TAMS 0x00000000c6400000, 0x00000000c6300000| Complete 
| 100|0x00000000c6400000, 0x00000000c6500000, 0x00000000c6500000|100%|HS|  |TAMS 0x00000000c6500000, 0x00000000c6400000| Complete 
| 101|0x00000000c6500000, 0x00000000c6600000, 0x00000000c6600000|100%|HS|  |TAMS 0x00000000c6600000, 0x00000000c6500000| Complete 
| 102|0x00000000c6600000, 0x00000000c6700000, 0x00000000c6700000|100%| O|  |TAMS 0x00000000c6700000, 0x00000000c6600000| Updating 
| 103|0x00000000c6700000, 0x00000000c6800000, 0x00000000c6800000|100%| O|  |TAMS 0x00000000c6800000, 0x00000000c6700000| Updating 
| 104|0x00000000c6800000, 0x00000000c6900000, 0x00000000c6900000|100%| O|  |TAMS 0x00000000c6900000, 0x00000000c6800000| Untracked 
| 105|0x00000000c6900000, 0x00000000c6a00000, 0x00000000c6a00000|100%| O|  |TAMS 0x00000000c6a00000, 0x00000000c6900000| Updating 
| 106|0x00000000c6a00000, 0x00000000c6b00000, 0x00000000c6b00000|100%| O|  |TAMS 0x00000000c6b00000, 0x00000000c6a00000| Updating 
| 107|0x00000000c6b00000, 0x00000000c6c00000, 0x00000000c6c00000|100%|HS|  |TAMS 0x00000000c6c00000, 0x00000000c6b00000| Complete 
| 108|0x00000000c6c00000, 0x00000000c6d00000, 0x00000000c6d00000|100%|HC|  |TAMS 0x00000000c6d00000, 0x00000000c6c00000| Complete 
| 109|0x00000000c6d00000, 0x00000000c6e00000, 0x00000000c6e00000|100%|HC|  |TAMS 0x00000000c6e00000, 0x00000000c6d00000| Complete 
| 110|0x00000000c6e00000, 0x00000000c6f00000, 0x00000000c6f00000|100%|HC|  |TAMS 0x00000000c6f00000, 0x00000000c6e00000| Complete 
| 111|0x00000000c6f00000, 0x00000000c7000000, 0x00000000c7000000|100%|HS|  |TAMS 0x00000000c7000000, 0x00000000c6f00000| Complete 
| 112|0x00000000c7000000, 0x00000000c7100000, 0x00000000c7100000|100%| O|  |TAMS 0x00000000c7100000, 0x00000000c7000000| Updating 
| 113|0x00000000c7100000, 0x00000000c7100000, 0x00000000c7200000|  0%| F|  |TAMS 0x00000000c7100000, 0x00000000c7100000| Untracked 
| 114|0x00000000c7200000, 0x00000000c7200000, 0x00000000c7300000|  0%| F|  |TAMS 0x00000000c7200000, 0x00000000c7200000| Untracked 
| 115|0x00000000c7300000, 0x00000000c7400000, 0x00000000c7400000|100%| O|  |TAMS 0x00000000c7400000, 0x00000000c7300000| Untracked 
| 116|0x00000000c7400000, 0x00000000c7500000, 0x00000000c7500000|100%| O|  |TAMS 0x00000000c7500000, 0x00000000c7400000| Untracked 
| 117|0x00000000c7500000, 0x00000000c7600000, 0x00000000c7600000|100%| O|  |TAMS 0x00000000c7600000, 0x00000000c7500000| Untracked 
| 118|0x00000000c7600000, 0x00000000c7700000, 0x00000000c7700000|100%| O|  |TAMS 0x00000000c7700000, 0x00000000c7600000| Untracked 
| 119|0x00000000c7700000, 0x00000000c7800000, 0x00000000c7800000|100%| O|  |TAMS 0x00000000c7800000, 0x00000000c7700000| Untracked 
| 120|0x00000000c7800000, 0x00000000c7900000, 0x00000000c7900000|100%| O|  |TAMS 0x00000000c7900000, 0x00000000c7800000| Untracked 
| 121|0x00000000c7900000, 0x00000000c7a00000, 0x00000000c7a00000|100%| O|  |TAMS 0x00000000c7a00000, 0x00000000c7900000| Untracked 
| 122|0x00000000c7a00000, 0x00000000c7b00000, 0x00000000c7b00000|100%| O|  |TAMS 0x00000000c7b00000, 0x00000000c7a00000| Untracked 
| 123|0x00000000c7b00000, 0x00000000c7c00000, 0x00000000c7c00000|100%|HS|  |TAMS 0x00000000c7c00000, 0x00000000c7b00000| Complete 
| 124|0x00000000c7c00000, 0x00000000c7d00000, 0x00000000c7d00000|100%|HC|  |TAMS 0x00000000c7d00000, 0x00000000c7c00000| Complete 
| 125|0x00000000c7d00000, 0x00000000c7e00000, 0x00000000c7e00000|100%|HS|  |TAMS 0x00000000c7e00000, 0x00000000c7d00000| Complete 
| 126|0x00000000c7e00000, 0x00000000c7f00000, 0x00000000c7f00000|100%|HC|  |TAMS 0x00000000c7f00000, 0x00000000c7e00000| Complete 
| 127|0x00000000c7f00000, 0x00000000c8000000, 0x00000000c8000000|100%|HS|  |TAMS 0x00000000c8000000, 0x00000000c7f00000| Complete 
| 128|0x00000000c8000000, 0x00000000c8100000, 0x00000000c8100000|100%| O|  |TAMS 0x00000000c8100000, 0x00000000c8000000| Updating 
| 129|0x00000000c8100000, 0x00000000c8200000, 0x00000000c8200000|100%|HS|  |TAMS 0x00000000c8200000, 0x00000000c8100000| Complete 
| 130|0x00000000c8200000, 0x00000000c8300000, 0x00000000c8300000|100%|HC|  |TAMS 0x00000000c8300000, 0x00000000c8200000| Complete 
| 131|0x00000000c8300000, 0x00000000c8400000, 0x00000000c8400000|100%| O|  |TAMS 0x00000000c8400000, 0x00000000c8300000| Updating 
| 132|0x00000000c8400000, 0x00000000c8500000, 0x00000000c8500000|100%| O|  |TAMS 0x00000000c8500000, 0x00000000c8400000| Updating 
| 133|0x00000000c8500000, 0x00000000c8600000, 0x00000000c8600000|100%| O|  |TAMS 0x00000000c8600000, 0x00000000c8500000| Untracked 
| 134|0x00000000c8600000, 0x00000000c8700000, 0x00000000c8700000|100%| O|  |TAMS 0x00000000c8700000, 0x00000000c8600000| Updating 
| 135|0x00000000c8700000, 0x00000000c8800000, 0x00000000c8800000|100%| O|  |TAMS 0x00000000c8800000, 0x00000000c8700000| Untracked 
| 136|0x00000000c8800000, 0x00000000c8900000, 0x00000000c8900000|100%|HS|  |TAMS 0x00000000c8900000, 0x00000000c8800000| Complete 
| 137|0x00000000c8900000, 0x00000000c8a00000, 0x00000000c8a00000|100%|HC|  |TAMS 0x00000000c8a00000, 0x00000000c8900000| Complete 
| 138|0x00000000c8a00000, 0x00000000c8b00000, 0x00000000c8b00000|100%| O|  |TAMS 0x00000000c8b00000, 0x00000000c8a00000| Updating 
| 139|0x00000000c8b00000, 0x00000000c8c00000, 0x00000000c8c00000|100%| O|  |TAMS 0x00000000c8c00000, 0x00000000c8b00000| Updating 
| 140|0x00000000c8c00000, 0x00000000c8d00000, 0x00000000c8d00000|100%| O|  |TAMS 0x00000000c8d00000, 0x00000000c8c00000| Updating 
| 141|0x00000000c8d00000, 0x00000000c8e00000, 0x00000000c8e00000|100%|HS|  |TAMS 0x00000000c8e00000, 0x00000000c8d00000| Complete 
| 142|0x00000000c8e00000, 0x00000000c8f00000, 0x00000000c8f00000|100%|HC|  |TAMS 0x00000000c8f00000, 0x00000000c8e00000| Complete 
| 143|0x00000000c8f00000, 0x00000000c9000000, 0x00000000c9000000|100%|HC|  |TAMS 0x00000000c9000000, 0x00000000c8f00000| Complete 
| 144|0x00000000c9000000, 0x00000000c9100000, 0x00000000c9100000|100%| O|  |TAMS 0x00000000c9100000, 0x00000000c9000000| Updating 
| 145|0x00000000c9100000, 0x00000000c9200000, 0x00000000c9200000|100%| O|  |TAMS 0x00000000c9200000, 0x00000000c9100000| Updating 
| 146|0x00000000c9200000, 0x00000000c9300000, 0x00000000c9300000|100%|HS|  |TAMS 0x00000000c9300000, 0x00000000c9200000| Complete 
| 147|0x00000000c9300000, 0x00000000c9400000, 0x00000000c9400000|100%|HS|  |TAMS 0x00000000c9400000, 0x00000000c9300000| Complete 
| 148|0x00000000c9400000, 0x00000000c9500000, 0x00000000c9500000|100%|HC|  |TAMS 0x00000000c9500000, 0x00000000c9400000| Complete 
| 149|0x00000000c9500000, 0x00000000c9600000, 0x00000000c9600000|100%|HS|  |TAMS 0x00000000c9600000, 0x00000000c9500000| Complete 
| 150|0x00000000c9600000, 0x00000000c9700000, 0x00000000c9700000|100%|HS|  |TAMS 0x00000000c9700000, 0x00000000c9600000| Complete 
| 151|0x00000000c9700000, 0x00000000c9800000, 0x00000000c9800000|100%|HS|  |TAMS 0x00000000c9800000, 0x00000000c9700000| Complete 
| 152|0x00000000c9800000, 0x00000000c9900000, 0x00000000c9900000|100%|HS|  |TAMS 0x00000000c9900000, 0x00000000c9800000| Complete 
| 153|0x00000000c9900000, 0x00000000c9a00000, 0x00000000c9a00000|100%|HC|  |TAMS 0x00000000c9a00000, 0x00000000c9900000| Complete 
| 154|0x00000000c9a00000, 0x00000000c9b00000, 0x00000000c9b00000|100%| O|  |TAMS 0x00000000c9b00000, 0x00000000c9a00000| Untracked 
| 155|0x00000000c9b00000, 0x00000000c9c00000, 0x00000000c9c00000|100%|HS|  |TAMS 0x00000000c9c00000, 0x00000000c9b00000| Complete 
| 156|0x00000000c9c00000, 0x00000000c9d00000, 0x00000000c9d00000|100%|HS|  |TAMS 0x00000000c9d00000, 0x00000000c9c00000| Complete 
| 157|0x00000000c9d00000, 0x00000000c9e00000, 0x00000000c9e00000|100%|HS|  |TAMS 0x00000000c9e00000, 0x00000000c9d00000| Complete 
| 158|0x00000000c9e00000, 0x00000000c9f00000, 0x00000000c9f00000|100%| O|  |TAMS 0x00000000c9f00000, 0x00000000c9e00000| Updating 
| 159|0x00000000c9f00000, 0x00000000ca000000, 0x00000000ca000000|100%|HS|  |TAMS 0x00000000ca000000, 0x00000000c9f00000| Complete 
| 160|0x00000000ca000000, 0x00000000ca100000, 0x00000000ca100000|100%|HS|  |TAMS 0x00000000ca100000, 0x00000000ca000000| Complete 
| 161|0x00000000ca100000, 0x00000000ca200000, 0x00000000ca200000|100%| O|  |TAMS 0x00000000ca200000, 0x00000000ca100000| Updating 
| 162|0x00000000ca200000, 0x00000000ca300000, 0x00000000ca300000|100%| O|  |TAMS 0x00000000ca300000, 0x00000000ca200000| Untracked 
| 163|0x00000000ca300000, 0x00000000ca400000, 0x00000000ca400000|100%| O|  |TAMS 0x00000000ca400000, 0x00000000ca300000| Updating 
| 164|0x00000000ca400000, 0x00000000ca500000, 0x00000000ca500000|100%| O|  |TAMS 0x00000000ca500000, 0x00000000ca400000| Untracked 
| 165|0x00000000ca500000, 0x00000000ca600000, 0x00000000ca600000|100%|HS|  |TAMS 0x00000000ca600000, 0x00000000ca500000| Complete 
| 166|0x00000000ca600000, 0x00000000ca700000, 0x00000000ca700000|100%| O|  |TAMS 0x00000000ca700000, 0x00000000ca600000| Updating 
| 167|0x00000000ca700000, 0x00000000ca800000, 0x00000000ca800000|100%| O|  |TAMS 0x00000000ca800000, 0x00000000ca700000| Updating 
| 168|0x00000000ca800000, 0x00000000ca900000, 0x00000000ca900000|100%| O|  |TAMS 0x00000000ca900000, 0x00000000ca800000| Updating 
| 169|0x00000000ca900000, 0x00000000caa00000, 0x00000000caa00000|100%| O|  |TAMS 0x00000000caa00000, 0x00000000ca900000| Updating 
| 170|0x00000000caa00000, 0x00000000cab00000, 0x00000000cab00000|100%| O|  |TAMS 0x00000000cab00000, 0x00000000caa00000| Updating 
| 171|0x00000000cab00000, 0x00000000cac00000, 0x00000000cac00000|100%| O|  |TAMS 0x00000000cac00000, 0x00000000cab00000| Updating 
| 172|0x00000000cac00000, 0x00000000cad00000, 0x00000000cad00000|100%| O|  |TAMS 0x00000000cad00000, 0x00000000cac00000| Updating 
| 173|0x00000000cad00000, 0x00000000cae00000, 0x00000000cae00000|100%| O|  |TAMS 0x00000000cae00000, 0x00000000cad00000| Updating 
| 174|0x00000000cae00000, 0x00000000caf00000, 0x00000000caf00000|100%|HS|  |TAMS 0x00000000caf00000, 0x00000000cae00000| Complete 
| 175|0x00000000caf00000, 0x00000000cb000000, 0x00000000cb000000|100%| O|  |TAMS 0x00000000cb000000, 0x00000000caf00000| Updating 
| 176|0x00000000cb000000, 0x00000000cb100000, 0x00000000cb100000|100%|HS|  |TAMS 0x00000000cb100000, 0x00000000cb000000| Complete 
| 177|0x00000000cb100000, 0x00000000cb200000, 0x00000000cb200000|100%|HS|  |TAMS 0x00000000cb200000, 0x00000000cb100000| Complete 
| 178|0x00000000cb200000, 0x00000000cb300000, 0x00000000cb300000|100%| O|  |TAMS 0x00000000cb300000, 0x00000000cb200000| Updating 
| 179|0x00000000cb300000, 0x00000000cb400000, 0x00000000cb400000|100%| O|  |TAMS 0x00000000cb400000, 0x00000000cb300000| Updating 
| 180|0x00000000cb400000, 0x00000000cb500000, 0x00000000cb500000|100%| O|  |TAMS 0x00000000cb500000, 0x00000000cb400000| Updating 
| 181|0x00000000cb500000, 0x00000000cb600000, 0x00000000cb600000|100%| O|  |TAMS 0x00000000cb600000, 0x00000000cb500000| Untracked 
| 182|0x00000000cb600000, 0x00000000cb700000, 0x00000000cb700000|100%|HS|  |TAMS 0x00000000cb700000, 0x00000000cb600000| Complete 
| 183|0x00000000cb700000, 0x00000000cb800000, 0x00000000cb800000|100%| O|  |TAMS 0x00000000cb800000, 0x00000000cb700000| Updating 
| 184|0x00000000cb800000, 0x00000000cb900000, 0x00000000cb900000|100%| O|  |TAMS 0x00000000cb900000, 0x00000000cb800000| Updating 
| 185|0x00000000cb900000, 0x00000000cba00000, 0x00000000cba00000|100%| O|  |TAMS 0x00000000cba00000, 0x00000000cb900000| Untracked 
| 186|0x00000000cba00000, 0x00000000cbb00000, 0x00000000cbb00000|100%| O|  |TAMS 0x00000000cbb00000, 0x00000000cba00000| Untracked 
| 187|0x00000000cbb00000, 0x00000000cbc00000, 0x00000000cbc00000|100%| O|  |TAMS 0x00000000cbc00000, 0x00000000cbb00000| Untracked 
| 188|0x00000000cbc00000, 0x00000000cbd00000, 0x00000000cbd00000|100%|HS|  |TAMS 0x00000000cbd00000, 0x00000000cbc00000| Complete 
| 189|0x00000000cbd00000, 0x00000000cbe00000, 0x00000000cbe00000|100%| O|  |TAMS 0x00000000cbe00000, 0x00000000cbd00000| Untracked 
| 190|0x00000000cbe00000, 0x00000000cbf00000, 0x00000000cbf00000|100%|HS|  |TAMS 0x00000000cbf00000, 0x00000000cbe00000| Complete 
| 191|0x00000000cbf00000, 0x00000000cc000000, 0x00000000cc000000|100%| O|  |TAMS 0x00000000cc000000, 0x00000000cbf00000| Untracked 
| 192|0x00000000cc000000, 0x00000000cc100000, 0x00000000cc100000|100%| O|  |TAMS 0x00000000cc100000, 0x00000000cc000000| Updating 
| 193|0x00000000cc100000, 0x00000000cc200000, 0x00000000cc200000|100%| O|  |TAMS 0x00000000cc200000, 0x00000000cc100000| Untracked 
| 194|0x00000000cc200000, 0x00000000cc300000, 0x00000000cc300000|100%| O|  |TAMS 0x00000000cc300000, 0x00000000cc200000| Untracked 
| 195|0x00000000cc300000, 0x00000000cc400000, 0x00000000cc400000|100%|HS|  |TAMS 0x00000000cc400000, 0x00000000cc300000| Complete 
| 196|0x00000000cc400000, 0x00000000cc500000, 0x00000000cc500000|100%|HC|  |TAMS 0x00000000cc500000, 0x00000000cc400000| Complete 
| 197|0x00000000cc500000, 0x00000000cc600000, 0x00000000cc600000|100%|HS|  |TAMS 0x00000000cc600000, 0x00000000cc500000| Complete 
| 198|0x00000000cc600000, 0x00000000cc700000, 0x00000000cc700000|100%|HC|  |TAMS 0x00000000cc700000, 0x00000000cc600000| Complete 
| 199|0x00000000cc700000, 0x00000000cc800000, 0x00000000cc800000|100%| O|  |TAMS 0x00000000cc800000, 0x00000000cc700000| Untracked 
| 200|0x00000000cc800000, 0x00000000cc900000, 0x00000000cc900000|100%| O|  |TAMS 0x00000000cc900000, 0x00000000cc800000| Untracked 
| 201|0x00000000cc900000, 0x00000000cca00000, 0x00000000cca00000|100%| O|  |TAMS 0x00000000cca00000, 0x00000000cc900000| Untracked 
| 202|0x00000000cca00000, 0x00000000ccb00000, 0x00000000ccb00000|100%| O|  |TAMS 0x00000000ccb00000, 0x00000000cca00000| Updating 
| 203|0x00000000ccb00000, 0x00000000ccc00000, 0x00000000ccc00000|100%| O|  |TAMS 0x00000000ccc00000, 0x00000000ccb00000| Updating 
| 204|0x00000000ccc00000, 0x00000000ccd00000, 0x00000000ccd00000|100%| O|  |TAMS 0x00000000ccd00000, 0x00000000ccc00000| Untracked 
| 205|0x00000000ccd00000, 0x00000000cce00000, 0x00000000cce00000|100%| O|  |TAMS 0x00000000cce00000, 0x00000000ccd00000| Untracked 
| 206|0x00000000cce00000, 0x00000000ccf00000, 0x00000000ccf00000|100%| O|  |TAMS 0x00000000ccf00000, 0x00000000cce00000| Untracked 
| 207|0x00000000ccf00000, 0x00000000cd000000, 0x00000000cd000000|100%| O|  |TAMS 0x00000000cd000000, 0x00000000ccf00000| Untracked 
| 208|0x00000000cd000000, 0x00000000cd100000, 0x00000000cd100000|100%| O|  |TAMS 0x00000000cd100000, 0x00000000cd000000| Untracked 
| 209|0x00000000cd100000, 0x00000000cd200000, 0x00000000cd200000|100%|HS|  |TAMS 0x00000000cd200000, 0x00000000cd100000| Complete 
| 210|0x00000000cd200000, 0x00000000cd300000, 0x00000000cd300000|100%|HC|  |TAMS 0x00000000cd300000, 0x00000000cd200000| Complete 
| 211|0x00000000cd300000, 0x00000000cd400000, 0x00000000cd400000|100%|HC|  |TAMS 0x00000000cd400000, 0x00000000cd300000| Complete 
| 212|0x00000000cd400000, 0x00000000cd500000, 0x00000000cd500000|100%|HC|  |TAMS 0x00000000cd500000, 0x00000000cd400000| Complete 
| 213|0x00000000cd500000, 0x00000000cd600000, 0x00000000cd600000|100%|HS|  |TAMS 0x00000000cd600000, 0x00000000cd500000| Complete 
| 214|0x00000000cd600000, 0x00000000cd700000, 0x00000000cd700000|100%|HC|  |TAMS 0x00000000cd700000, 0x00000000cd600000| Complete 
| 215|0x00000000cd700000, 0x00000000cd800000, 0x00000000cd800000|100%|HC|  |TAMS 0x00000000cd800000, 0x00000000cd700000| Complete 
| 216|0x00000000cd800000, 0x00000000cd900000, 0x00000000cd900000|100%|HC|  |TAMS 0x00000000cd900000, 0x00000000cd800000| Complete 
| 217|0x00000000cd900000, 0x00000000cda00000, 0x00000000cda00000|100%|HC|  |TAMS 0x00000000cda00000, 0x00000000cd900000| Complete 
| 218|0x00000000cda00000, 0x00000000cdb00000, 0x00000000cdb00000|100%|HS|  |TAMS 0x00000000cdb00000, 0x00000000cda00000| Complete 
| 219|0x00000000cdb00000, 0x00000000cdc00000, 0x00000000cdc00000|100%|HC|  |TAMS 0x00000000cdc00000, 0x00000000cdb00000| Complete 
| 220|0x00000000cdc00000, 0x00000000cdd00000, 0x00000000cdd00000|100%|HS|  |TAMS 0x00000000cdd00000, 0x00000000cdc00000| Complete 
| 221|0x00000000cdd00000, 0x00000000cde00000, 0x00000000cde00000|100%|HC|  |TAMS 0x00000000cde00000, 0x00000000cdd00000| Complete 
| 222|0x00000000cde00000, 0x00000000cdf00000, 0x00000000cdf00000|100%|HS|  |TAMS 0x00000000cdf00000, 0x00000000cde00000| Complete 
| 223|0x00000000cdf00000, 0x00000000ce000000, 0x00000000ce000000|100%|HC|  |TAMS 0x00000000ce000000, 0x00000000cdf00000| Complete 
| 224|0x00000000ce000000, 0x00000000ce100000, 0x00000000ce100000|100%|HC|  |TAMS 0x00000000ce100000, 0x00000000ce000000| Complete 
| 225|0x00000000ce100000, 0x00000000ce200000, 0x00000000ce200000|100%|HC|  |TAMS 0x00000000ce200000, 0x00000000ce100000| Complete 
| 226|0x00000000ce200000, 0x00000000ce300000, 0x00000000ce300000|100%|HS|  |TAMS 0x00000000ce300000, 0x00000000ce200000| Complete 
| 227|0x00000000ce300000, 0x00000000ce400000, 0x00000000ce400000|100%|HC|  |TAMS 0x00000000ce400000, 0x00000000ce300000| Complete 
| 228|0x00000000ce400000, 0x00000000ce500000, 0x00000000ce500000|100%|HS|  |TAMS 0x00000000ce500000, 0x00000000ce400000| Complete 
| 229|0x00000000ce500000, 0x00000000ce600000, 0x00000000ce600000|100%|HC|  |TAMS 0x00000000ce600000, 0x00000000ce500000| Complete 
| 230|0x00000000ce600000, 0x00000000ce700000, 0x00000000ce700000|100%|HS|  |TAMS 0x00000000ce700000, 0x00000000ce600000| Complete 
| 231|0x00000000ce700000, 0x00000000ce800000, 0x00000000ce800000|100%|HC|  |TAMS 0x00000000ce800000, 0x00000000ce700000| Complete 
| 232|0x00000000ce800000, 0x00000000ce900000, 0x00000000ce900000|100%|HS|  |TAMS 0x00000000ce900000, 0x00000000ce800000| Complete 
| 233|0x00000000ce900000, 0x00000000cea00000, 0x00000000cea00000|100%|HC|  |TAMS 0x00000000cea00000, 0x00000000ce900000| Complete 
| 234|0x00000000cea00000, 0x00000000ceb00000, 0x00000000ceb00000|100%|HC|  |TAMS 0x00000000ceb00000, 0x00000000cea00000| Complete 
| 235|0x00000000ceb00000, 0x00000000cec00000, 0x00000000cec00000|100%| O|  |TAMS 0x00000000cec00000, 0x00000000ceb00000| Updating 
| 236|0x00000000cec00000, 0x00000000ced00000, 0x00000000ced00000|100%| O|  |TAMS 0x00000000ced00000, 0x00000000cec00000| Updating 
| 237|0x00000000ced00000, 0x00000000cee00000, 0x00000000cee00000|100%| O|  |TAMS 0x00000000cee00000, 0x00000000ced00000| Untracked 
| 238|0x00000000cee00000, 0x00000000cef00000, 0x00000000cef00000|100%| O|  |TAMS 0x00000000cef00000, 0x00000000cee00000| Updating 
| 239|0x00000000cef00000, 0x00000000cf000000, 0x00000000cf000000|100%| O|  |TAMS 0x00000000cf000000, 0x00000000cef00000| Untracked 
| 240|0x00000000cf000000, 0x00000000cf100000, 0x00000000cf100000|100%| O|  |TAMS 0x00000000cf100000, 0x00000000cf000000| Updating 
| 241|0x00000000cf100000, 0x00000000cf200000, 0x00000000cf200000|100%| O|  |TAMS 0x00000000cf200000, 0x00000000cf100000| Updating 
| 242|0x00000000cf200000, 0x00000000cf300000, 0x00000000cf300000|100%| O|  |TAMS 0x00000000cf300000, 0x00000000cf200000| Untracked 
| 243|0x00000000cf300000, 0x00000000cf400000, 0x00000000cf400000|100%| O|  |TAMS 0x00000000cf400000, 0x00000000cf300000| Untracked 
| 244|0x00000000cf400000, 0x00000000cf500000, 0x00000000cf500000|100%| O|  |TAMS 0x00000000cf500000, 0x00000000cf400000| Untracked 
| 245|0x00000000cf500000, 0x00000000cf600000, 0x00000000cf600000|100%| O|  |TAMS 0x00000000cf600000, 0x00000000cf500000| Updating 
| 246|0x00000000cf600000, 0x00000000cf700000, 0x00000000cf700000|100%| O|  |TAMS 0x00000000cf700000, 0x00000000cf600000| Untracked 
| 247|0x00000000cf700000, 0x00000000cf800000, 0x00000000cf800000|100%| O|  |TAMS 0x00000000cf800000, 0x00000000cf700000| Untracked 
| 248|0x00000000cf800000, 0x00000000cf900000, 0x00000000cf900000|100%| O|  |TAMS 0x00000000cf900000, 0x00000000cf800000| Untracked 
| 249|0x00000000cf900000, 0x00000000cfa00000, 0x00000000cfa00000|100%| O|  |TAMS 0x00000000cfa00000, 0x00000000cf900000| Untracked 
| 250|0x00000000cfa00000, 0x00000000cfb00000, 0x00000000cfb00000|100%| O|  |TAMS 0x00000000cfb00000, 0x00000000cfa00000| Untracked 
| 251|0x00000000cfb00000, 0x00000000cfc00000, 0x00000000cfc00000|100%| O|  |TAMS 0x00000000cfc00000, 0x00000000cfb00000| Untracked 
| 252|0x00000000cfc00000, 0x00000000cfd00000, 0x00000000cfd00000|100%| O|  |TAMS 0x00000000cfd00000, 0x00000000cfc00000| Updating 
| 253|0x00000000cfd00000, 0x00000000cfe00000, 0x00000000cfe00000|100%| O|  |TAMS 0x00000000cfe00000, 0x00000000cfd00000| Updating 
| 254|0x00000000cfe00000, 0x00000000cff00000, 0x00000000cff00000|100%| O|  |TAMS 0x00000000cff00000, 0x00000000cfe00000| Updating 
| 255|0x00000000cff00000, 0x00000000d0000000, 0x00000000d0000000|100%| O|  |TAMS 0x00000000d0000000, 0x00000000cff00000| Updating 
| 256|0x00000000d0000000, 0x00000000d0100000, 0x00000000d0100000|100%| O|  |TAMS 0x00000000d0100000, 0x00000000d0000000| Updating 
| 257|0x00000000d0100000, 0x00000000d0200000, 0x00000000d0200000|100%| O|  |TAMS 0x00000000d0200000, 0x00000000d0100000| Untracked 
| 258|0x00000000d0200000, 0x00000000d0300000, 0x00000000d0300000|100%| O|  |TAMS 0x00000000d0300000, 0x00000000d0200000| Updating 
| 259|0x00000000d0300000, 0x00000000d0400000, 0x00000000d0400000|100%| O|  |TAMS 0x00000000d0400000, 0x00000000d0300000| Untracked 
| 260|0x00000000d0400000, 0x00000000d0500000, 0x00000000d0500000|100%| O|  |TAMS 0x00000000d0500000, 0x00000000d0400000| Untracked 
| 261|0x00000000d0500000, 0x00000000d0600000, 0x00000000d0600000|100%| O|  |TAMS 0x00000000d0600000, 0x00000000d0500000| Updating 
| 262|0x00000000d0600000, 0x00000000d0700000, 0x00000000d0700000|100%| O|  |TAMS 0x00000000d0700000, 0x00000000d0600000| Untracked 
| 263|0x00000000d0700000, 0x00000000d0800000, 0x00000000d0800000|100%| O|  |TAMS 0x00000000d0800000, 0x00000000d0700000| Untracked 
| 264|0x00000000d0800000, 0x00000000d0900000, 0x00000000d0900000|100%| O|  |TAMS 0x00000000d0900000, 0x00000000d0800000| Updating 
| 265|0x00000000d0900000, 0x00000000d0a00000, 0x00000000d0a00000|100%| O|  |TAMS 0x00000000d0a00000, 0x00000000d0900000| Updating 
| 266|0x00000000d0a00000, 0x00000000d0b00000, 0x00000000d0b00000|100%| O|  |TAMS 0x00000000d0b00000, 0x00000000d0a00000| Untracked 
| 267|0x00000000d0b00000, 0x00000000d0c00000, 0x00000000d0c00000|100%| O|  |TAMS 0x00000000d0c00000, 0x00000000d0b00000| Untracked 
| 268|0x00000000d0c00000, 0x00000000d0d00000, 0x00000000d0d00000|100%| O|  |TAMS 0x00000000d0d00000, 0x00000000d0c00000| Untracked 
| 269|0x00000000d0d00000, 0x00000000d0e00000, 0x00000000d0e00000|100%| O|  |TAMS 0x00000000d0e00000, 0x00000000d0d00000| Updating 
| 270|0x00000000d0e00000, 0x00000000d0f00000, 0x00000000d0f00000|100%| O|  |TAMS 0x00000000d0f00000, 0x00000000d0e00000| Untracked 
| 271|0x00000000d0f00000, 0x00000000d1000000, 0x00000000d1000000|100%| O|  |TAMS 0x00000000d1000000, 0x00000000d0f00000| Untracked 
| 272|0x00000000d1000000, 0x00000000d1100000, 0x00000000d1100000|100%| O|  |TAMS 0x00000000d1100000, 0x00000000d1000000| Untracked 
| 273|0x00000000d1100000, 0x00000000d1200000, 0x00000000d1200000|100%| O|  |TAMS 0x00000000d1200000, 0x00000000d1100000| Untracked 
| 274|0x00000000d1200000, 0x00000000d1300000, 0x00000000d1300000|100%| O|  |TAMS 0x00000000d1300000, 0x00000000d1200000| Untracked 
| 275|0x00000000d1300000, 0x00000000d1400000, 0x00000000d1400000|100%| O|  |TAMS 0x00000000d1400000, 0x00000000d1300000| Untracked 
| 276|0x00000000d1400000, 0x00000000d1500000, 0x00000000d1500000|100%| O|  |TAMS 0x00000000d1500000, 0x00000000d1400000| Untracked 
| 277|0x00000000d1500000, 0x00000000d1600000, 0x00000000d1600000|100%| O|  |TAMS 0x00000000d1600000, 0x00000000d1500000| Untracked 
| 278|0x00000000d1600000, 0x00000000d1700000, 0x00000000d1700000|100%| O|  |TAMS 0x00000000d1700000, 0x00000000d1600000| Untracked 
| 279|0x00000000d1700000, 0x00000000d1800000, 0x00000000d1800000|100%| O|  |TAMS 0x00000000d1800000, 0x00000000d1700000| Untracked 
| 280|0x00000000d1800000, 0x00000000d1900000, 0x00000000d1900000|100%| O|  |TAMS 0x00000000d1900000, 0x00000000d1800000| Untracked 
| 281|0x00000000d1900000, 0x00000000d1a00000, 0x00000000d1a00000|100%| O|  |TAMS 0x00000000d1a00000, 0x00000000d1900000| Updating 
| 282|0x00000000d1a00000, 0x00000000d1b00000, 0x00000000d1b00000|100%| O|  |TAMS 0x00000000d1b00000, 0x00000000d1a00000| Updating 
| 283|0x00000000d1b00000, 0x00000000d1c00000, 0x00000000d1c00000|100%| O|  |TAMS 0x00000000d1c00000, 0x00000000d1b00000| Untracked 
| 284|0x00000000d1c00000, 0x00000000d1d00000, 0x00000000d1d00000|100%| O|  |TAMS 0x00000000d1d00000, 0x00000000d1c00000| Untracked 
| 285|0x00000000d1d00000, 0x00000000d1e00000, 0x00000000d1e00000|100%| O|  |TAMS 0x00000000d1e00000, 0x00000000d1d00000| Updating 
| 286|0x00000000d1e00000, 0x00000000d1f00000, 0x00000000d1f00000|100%| O|  |TAMS 0x00000000d1f00000, 0x00000000d1e00000| Untracked 
| 287|0x00000000d1f00000, 0x00000000d2000000, 0x00000000d2000000|100%| O|  |TAMS 0x00000000d2000000, 0x00000000d1f00000| Untracked 
| 288|0x00000000d2000000, 0x00000000d2100000, 0x00000000d2100000|100%| O|  |TAMS 0x00000000d2100000, 0x00000000d2000000| Untracked 
| 289|0x00000000d2100000, 0x00000000d2200000, 0x00000000d2200000|100%| O|  |TAMS 0x00000000d2200000, 0x00000000d2100000| Updating 
| 290|0x00000000d2200000, 0x00000000d2300000, 0x00000000d2300000|100%| O|  |TAMS 0x00000000d2300000, 0x00000000d2200000| Updating 
| 291|0x00000000d2300000, 0x00000000d2400000, 0x00000000d2400000|100%| O|  |TAMS 0x00000000d2400000, 0x00000000d2300000| Updating 
| 292|0x00000000d2400000, 0x00000000d2500000, 0x00000000d2500000|100%| O|  |TAMS 0x00000000d2500000, 0x00000000d2400000| Updating 
| 293|0x00000000d2500000, 0x00000000d2600000, 0x00000000d2600000|100%| O|  |TAMS 0x00000000d2600000, 0x00000000d2500000| Updating 
| 294|0x00000000d2600000, 0x00000000d2700000, 0x00000000d2700000|100%| O|  |TAMS 0x00000000d2700000, 0x00000000d2600000| Untracked 
| 295|0x00000000d2700000, 0x00000000d2800000, 0x00000000d2800000|100%|HS|  |TAMS 0x00000000d2800000, 0x00000000d2700000| Complete 
| 296|0x00000000d2800000, 0x00000000d2900000, 0x00000000d2900000|100%|HC|  |TAMS 0x00000000d2900000, 0x00000000d2800000| Complete 
| 297|0x00000000d2900000, 0x00000000d2a00000, 0x00000000d2a00000|100%| O|  |TAMS 0x00000000d2a00000, 0x00000000d2900000| Updating 
| 298|0x00000000d2a00000, 0x00000000d2b00000, 0x00000000d2b00000|100%| O|  |TAMS 0x00000000d2b00000, 0x00000000d2a00000| Updating 
| 299|0x00000000d2b00000, 0x00000000d2c00000, 0x00000000d2c00000|100%| O|  |TAMS 0x00000000d2c00000, 0x00000000d2b00000| Untracked 
| 300|0x00000000d2c00000, 0x00000000d2d00000, 0x00000000d2d00000|100%| O|  |TAMS 0x00000000d2d00000, 0x00000000d2c00000| Updating 
| 301|0x00000000d2d00000, 0x00000000d2e00000, 0x00000000d2e00000|100%| O|  |TAMS 0x00000000d2e00000, 0x00000000d2d00000| Untracked 
| 302|0x00000000d2e00000, 0x00000000d2f00000, 0x00000000d2f00000|100%| O|  |TAMS 0x00000000d2f00000, 0x00000000d2e00000| Untracked 
| 303|0x00000000d2f00000, 0x00000000d3000000, 0x00000000d3000000|100%| O|  |TAMS 0x00000000d3000000, 0x00000000d2f00000| Untracked 
| 304|0x00000000d3000000, 0x00000000d3100000, 0x00000000d3100000|100%| O|  |TAMS 0x00000000d3100000, 0x00000000d3000000| Updating 
| 305|0x00000000d3100000, 0x00000000d3200000, 0x00000000d3200000|100%| O|  |TAMS 0x00000000d3200000, 0x00000000d3100000| Updating 
| 306|0x00000000d3200000, 0x00000000d3300000, 0x00000000d3300000|100%| O|  |TAMS 0x00000000d3300000, 0x00000000d3200000| Untracked 
| 307|0x00000000d3300000, 0x00000000d3400000, 0x00000000d3400000|100%| O|  |TAMS 0x00000000d3400000, 0x00000000d3300000| Updating 
| 308|0x00000000d3400000, 0x00000000d3500000, 0x00000000d3500000|100%| O|  |TAMS 0x00000000d3500000, 0x00000000d3400000| Updating 
| 309|0x00000000d3500000, 0x00000000d3600000, 0x00000000d3600000|100%| O|  |TAMS 0x00000000d3600000, 0x00000000d3500000| Updating 
| 310|0x00000000d3600000, 0x00000000d3700000, 0x00000000d3700000|100%| O|  |TAMS 0x00000000d3700000, 0x00000000d3600000| Updating 
| 311|0x00000000d3700000, 0x00000000d3800000, 0x00000000d3800000|100%| O|  |TAMS 0x00000000d3800000, 0x00000000d3700000| Updating 
| 312|0x00000000d3800000, 0x00000000d3900000, 0x00000000d3900000|100%| O|  |TAMS 0x00000000d3900000, 0x00000000d3800000| Updating 
| 313|0x00000000d3900000, 0x00000000d3a00000, 0x00000000d3a00000|100%| O|  |TAMS 0x00000000d3a00000, 0x00000000d3900000| Updating 
| 314|0x00000000d3a00000, 0x00000000d3b00000, 0x00000000d3b00000|100%| O|  |TAMS 0x00000000d3b00000, 0x00000000d3a00000| Updating 
| 315|0x00000000d3b00000, 0x00000000d3c00000, 0x00000000d3c00000|100%| O|  |TAMS 0x00000000d3c00000, 0x00000000d3b00000| Updating 
| 316|0x00000000d3c00000, 0x00000000d3d00000, 0x00000000d3d00000|100%| O|  |TAMS 0x00000000d3d00000, 0x00000000d3c00000| Updating 
| 317|0x00000000d3d00000, 0x00000000d3e00000, 0x00000000d3e00000|100%| O|  |TAMS 0x00000000d3e00000, 0x00000000d3d00000| Updating 
| 318|0x00000000d3e00000, 0x00000000d3f00000, 0x00000000d3f00000|100%| O|  |TAMS 0x00000000d3f00000, 0x00000000d3e00000| Updating 
| 319|0x00000000d3f00000, 0x00000000d4000000, 0x00000000d4000000|100%| O|  |TAMS 0x00000000d4000000, 0x00000000d3f00000| Updating 
| 320|0x00000000d4000000, 0x00000000d4100000, 0x00000000d4100000|100%| O|  |TAMS 0x00000000d4100000, 0x00000000d4000000| Updating 
| 321|0x00000000d4100000, 0x00000000d4200000, 0x00000000d4200000|100%| O|  |TAMS 0x00000000d4200000, 0x00000000d4100000| Updating 
| 322|0x00000000d4200000, 0x00000000d4300000, 0x00000000d4300000|100%| O|  |TAMS 0x00000000d4300000, 0x00000000d4200000| Untracked 
| 323|0x00000000d4300000, 0x00000000d4400000, 0x00000000d4400000|100%|HS|  |TAMS 0x00000000d4400000, 0x00000000d4300000| Complete 
| 324|0x00000000d4400000, 0x00000000d4500000, 0x00000000d4500000|100%|HC|  |TAMS 0x00000000d4500000, 0x00000000d4400000| Complete 
| 325|0x00000000d4500000, 0x00000000d4600000, 0x00000000d4600000|100%| O|  |TAMS 0x00000000d4600000, 0x00000000d4500000| Updating 
| 326|0x00000000d4600000, 0x00000000d4700000, 0x00000000d4700000|100%| O|  |TAMS 0x00000000d4700000, 0x00000000d4600000| Updating 
| 327|0x00000000d4700000, 0x00000000d4800000, 0x00000000d4800000|100%| O|  |TAMS 0x00000000d4800000, 0x00000000d4700000| Untracked 
| 328|0x00000000d4800000, 0x00000000d4900000, 0x00000000d4900000|100%| O|  |TAMS 0x00000000d4900000, 0x00000000d4800000| Updating 
| 329|0x00000000d4900000, 0x00000000d4a00000, 0x00000000d4a00000|100%| O|  |TAMS 0x00000000d4a00000, 0x00000000d4900000| Untracked 
| 330|0x00000000d4a00000, 0x00000000d4b00000, 0x00000000d4b00000|100%| O|  |TAMS 0x00000000d4b00000, 0x00000000d4a00000| Updating 
| 331|0x00000000d4b00000, 0x00000000d4c00000, 0x00000000d4c00000|100%| O|  |TAMS 0x00000000d4c00000, 0x00000000d4b00000| Updating 
| 332|0x00000000d4c00000, 0x00000000d4d00000, 0x00000000d4d00000|100%| O|  |TAMS 0x00000000d4d00000, 0x00000000d4c00000| Updating 
| 333|0x00000000d4d00000, 0x00000000d4e00000, 0x00000000d4e00000|100%| O|  |TAMS 0x00000000d4e00000, 0x00000000d4d00000| Updating 
| 334|0x00000000d4e00000, 0x00000000d4f00000, 0x00000000d4f00000|100%| O|  |TAMS 0x00000000d4f00000, 0x00000000d4e00000| Updating 
| 335|0x00000000d4f00000, 0x00000000d5000000, 0x00000000d5000000|100%| O|  |TAMS 0x00000000d5000000, 0x00000000d4f00000| Updating 
| 336|0x00000000d5000000, 0x00000000d5100000, 0x00000000d5100000|100%|HS|  |TAMS 0x00000000d5100000, 0x00000000d5000000| Complete 
| 337|0x00000000d5100000, 0x00000000d5200000, 0x00000000d5200000|100%|HC|  |TAMS 0x00000000d5200000, 0x00000000d5100000| Complete 
| 338|0x00000000d5200000, 0x00000000d5300000, 0x00000000d5300000|100%|HS|  |TAMS 0x00000000d5300000, 0x00000000d5200000| Complete 
| 339|0x00000000d5300000, 0x00000000d5400000, 0x00000000d5400000|100%| O|  |TAMS 0x00000000d5400000, 0x00000000d5300000| Updating 
| 340|0x00000000d5400000, 0x00000000d5500000, 0x00000000d5500000|100%| O|  |TAMS 0x00000000d5500000, 0x00000000d5400000| Updating 
| 341|0x00000000d5500000, 0x00000000d5600000, 0x00000000d5600000|100%| O|  |TAMS 0x00000000d5600000, 0x00000000d5500000| Updating 
| 342|0x00000000d5600000, 0x00000000d5700000, 0x00000000d5700000|100%| O|  |TAMS 0x00000000d5700000, 0x00000000d5600000| Updating 
| 343|0x00000000d5700000, 0x00000000d5800000, 0x00000000d5800000|100%| O|  |TAMS 0x00000000d5800000, 0x00000000d5700000| Updating 
| 344|0x00000000d5800000, 0x00000000d5900000, 0x00000000d5900000|100%| O|  |TAMS 0x00000000d5900000, 0x00000000d5800000| Untracked 
| 345|0x00000000d5900000, 0x00000000d5a00000, 0x00000000d5a00000|100%| O|  |TAMS 0x00000000d5a00000, 0x00000000d5900000| Updating 
| 346|0x00000000d5a00000, 0x00000000d5b00000, 0x00000000d5b00000|100%| O|  |TAMS 0x00000000d5b00000, 0x00000000d5a00000| Updating 
| 347|0x00000000d5b00000, 0x00000000d5c00000, 0x00000000d5c00000|100%| O|  |TAMS 0x00000000d5c00000, 0x00000000d5b00000| Untracked 
| 348|0x00000000d5c00000, 0x00000000d5d00000, 0x00000000d5d00000|100%| O|  |TAMS 0x00000000d5d00000, 0x00000000d5c00000| Updating 
| 349|0x00000000d5d00000, 0x00000000d5e00000, 0x00000000d5e00000|100%| O|  |TAMS 0x00000000d5e00000, 0x00000000d5d00000| Untracked 
| 350|0x00000000d5e00000, 0x00000000d5f00000, 0x00000000d5f00000|100%| O|  |TAMS 0x00000000d5f00000, 0x00000000d5e00000| Updating 
| 351|0x00000000d5f00000, 0x00000000d6000000, 0x00000000d6000000|100%| O|  |TAMS 0x00000000d6000000, 0x00000000d5f00000| Updating 
| 352|0x00000000d6000000, 0x00000000d6100000, 0x00000000d6100000|100%| O|  |TAMS 0x00000000d6100000, 0x00000000d6000000| Untracked 
| 353|0x00000000d6100000, 0x00000000d6200000, 0x00000000d6200000|100%| O|  |TAMS 0x00000000d6200000, 0x00000000d6100000| Updating 
| 354|0x00000000d6200000, 0x00000000d6300000, 0x00000000d6300000|100%| O|  |TAMS 0x00000000d6300000, 0x00000000d6200000| Updating 
| 355|0x00000000d6300000, 0x00000000d6400000, 0x00000000d6400000|100%| O|  |TAMS 0x00000000d6400000, 0x00000000d6300000| Updating 
| 356|0x00000000d6400000, 0x00000000d6500000, 0x00000000d6500000|100%| O|  |TAMS 0x00000000d6500000, 0x00000000d6400000| Untracked 
| 357|0x00000000d6500000, 0x00000000d6600000, 0x00000000d6600000|100%| O|  |TAMS 0x00000000d6600000, 0x00000000d6500000| Untracked 
| 358|0x00000000d6600000, 0x00000000d6700000, 0x00000000d6700000|100%| O|  |TAMS 0x00000000d6700000, 0x00000000d6600000| Untracked 
| 359|0x00000000d6700000, 0x00000000d6800000, 0x00000000d6800000|100%| O|  |TAMS 0x00000000d6800000, 0x00000000d6700000| Untracked 
| 360|0x00000000d6800000, 0x00000000d6900000, 0x00000000d6900000|100%| O|  |TAMS 0x00000000d6900000, 0x00000000d6800000| Untracked 
| 361|0x00000000d6900000, 0x00000000d6a00000, 0x00000000d6a00000|100%| O|  |TAMS 0x00000000d6a00000, 0x00000000d6900000| Untracked 
| 362|0x00000000d6a00000, 0x00000000d6b00000, 0x00000000d6b00000|100%| O|  |TAMS 0x00000000d6b00000, 0x00000000d6a00000| Untracked 
| 363|0x00000000d6b00000, 0x00000000d6c00000, 0x00000000d6c00000|100%| O|  |TAMS 0x00000000d6c00000, 0x00000000d6b00000| Untracked 
| 364|0x00000000d6c00000, 0x00000000d6d00000, 0x00000000d6d00000|100%| O|  |TAMS 0x00000000d6d00000, 0x00000000d6c00000| Untracked 
| 365|0x00000000d6d00000, 0x00000000d6e00000, 0x00000000d6e00000|100%| O|  |TAMS 0x00000000d6e00000, 0x00000000d6d00000| Untracked 
| 366|0x00000000d6e00000, 0x00000000d6f00000, 0x00000000d6f00000|100%| O|  |TAMS 0x00000000d6f00000, 0x00000000d6e00000| Untracked 
| 367|0x00000000d6f00000, 0x00000000d7000000, 0x00000000d7000000|100%| O|  |TAMS 0x00000000d7000000, 0x00000000d6f00000| Updating 
| 368|0x00000000d7000000, 0x00000000d7100000, 0x00000000d7100000|100%| O|  |TAMS 0x00000000d7100000, 0x00000000d7000000| Updating 
| 369|0x00000000d7100000, 0x00000000d7200000, 0x00000000d7200000|100%| O|  |TAMS 0x00000000d7200000, 0x00000000d7100000| Updating 
| 370|0x00000000d7200000, 0x00000000d7300000, 0x00000000d7300000|100%| O|  |TAMS 0x00000000d7300000, 0x00000000d7200000| Untracked 
| 371|0x00000000d7300000, 0x00000000d7400000, 0x00000000d7400000|100%| O|  |TAMS 0x00000000d7400000, 0x00000000d7300000| Updating 
| 372|0x00000000d7400000, 0x00000000d7500000, 0x00000000d7500000|100%| O|  |TAMS 0x00000000d7500000, 0x00000000d7400000| Untracked 
| 373|0x00000000d7500000, 0x00000000d7600000, 0x00000000d7600000|100%| O|  |TAMS 0x00000000d7600000, 0x00000000d7500000| Updating 
| 374|0x00000000d7600000, 0x00000000d7700000, 0x00000000d7700000|100%| O|  |TAMS 0x00000000d7700000, 0x00000000d7600000| Updating 
| 375|0x00000000d7700000, 0x00000000d7800000, 0x00000000d7800000|100%| O|  |TAMS 0x00000000d7800000, 0x00000000d7700000| Updating 
| 376|0x00000000d7800000, 0x00000000d7900000, 0x00000000d7900000|100%| O|  |TAMS 0x00000000d7900000, 0x00000000d7800000| Updating 
| 377|0x00000000d7900000, 0x00000000d7a00000, 0x00000000d7a00000|100%| O|  |TAMS 0x00000000d7a00000, 0x00000000d7900000| Updating 
| 378|0x00000000d7a00000, 0x00000000d7b00000, 0x00000000d7b00000|100%| O|  |TAMS 0x00000000d7b00000, 0x00000000d7a00000| Updating 
| 379|0x00000000d7b00000, 0x00000000d7c00000, 0x00000000d7c00000|100%| O|  |TAMS 0x00000000d7c00000, 0x00000000d7b00000| Updating 
| 380|0x00000000d7c00000, 0x00000000d7d00000, 0x00000000d7d00000|100%| O|  |TAMS 0x00000000d7d00000, 0x00000000d7c00000| Updating 
| 381|0x00000000d7d00000, 0x00000000d7e00000, 0x00000000d7e00000|100%| O|  |TAMS 0x00000000d7e00000, 0x00000000d7d00000| Updating 
| 382|0x00000000d7e00000, 0x00000000d7f00000, 0x00000000d7f00000|100%| O|  |TAMS 0x00000000d7f00000, 0x00000000d7e00000| Updating 
| 383|0x00000000d7f00000, 0x00000000d8000000, 0x00000000d8000000|100%| O|  |TAMS 0x00000000d8000000, 0x00000000d7f00000| Updating 
| 384|0x00000000d8000000, 0x00000000d8100000, 0x00000000d8100000|100%| O|  |TAMS 0x00000000d8100000, 0x00000000d8000000| Untracked 
| 385|0x00000000d8100000, 0x00000000d8200000, 0x00000000d8200000|100%| O|  |TAMS 0x00000000d8200000, 0x00000000d8100000| Updating 
| 386|0x00000000d8200000, 0x00000000d8300000, 0x00000000d8300000|100%| O|  |TAMS 0x00000000d8300000, 0x00000000d8200000| Untracked 
| 387|0x00000000d8300000, 0x00000000d8400000, 0x00000000d8400000|100%| O|  |TAMS 0x00000000d8400000, 0x00000000d8300000| Updating 
| 388|0x00000000d8400000, 0x00000000d8500000, 0x00000000d8500000|100%| O|  |TAMS 0x00000000d8500000, 0x00000000d8400000| Untracked 
| 389|0x00000000d8500000, 0x00000000d8600000, 0x00000000d8600000|100%| O|  |TAMS 0x00000000d8600000, 0x00000000d8500000| Updating 
| 390|0x00000000d8600000, 0x00000000d8700000, 0x00000000d8700000|100%| O|  |TAMS 0x00000000d8700000, 0x00000000d8600000| Updating 
| 391|0x00000000d8700000, 0x00000000d8800000, 0x00000000d8800000|100%| O|  |TAMS 0x00000000d8800000, 0x00000000d8700000| Updating 
| 392|0x00000000d8800000, 0x00000000d8900000, 0x00000000d8900000|100%| O|  |TAMS 0x00000000d8900000, 0x00000000d8800000| Updating 
| 393|0x00000000d8900000, 0x00000000d8a00000, 0x00000000d8a00000|100%| O|  |TAMS 0x00000000d8a00000, 0x00000000d8900000| Updating 
| 394|0x00000000d8a00000, 0x00000000d8b00000, 0x00000000d8b00000|100%| O|  |TAMS 0x00000000d8b00000, 0x00000000d8a00000| Updating 
| 395|0x00000000d8b00000, 0x00000000d8c00000, 0x00000000d8c00000|100%| O|  |TAMS 0x00000000d8c00000, 0x00000000d8b00000| Untracked 
| 396|0x00000000d8c00000, 0x00000000d8d00000, 0x00000000d8d00000|100%| O|  |TAMS 0x00000000d8d00000, 0x00000000d8c00000| Updating 
| 397|0x00000000d8d00000, 0x00000000d8e00000, 0x00000000d8e00000|100%| O|  |TAMS 0x00000000d8e00000, 0x00000000d8d00000| Updating 
| 398|0x00000000d8e00000, 0x00000000d8f00000, 0x00000000d8f00000|100%| O|  |TAMS 0x00000000d8f00000, 0x00000000d8e00000| Untracked 
| 399|0x00000000d8f00000, 0x00000000d9000000, 0x00000000d9000000|100%| O|  |TAMS 0x00000000d9000000, 0x00000000d8f00000| Updating 
| 400|0x00000000d9000000, 0x00000000d9100000, 0x00000000d9100000|100%| O|  |TAMS 0x00000000d9100000, 0x00000000d9000000| Updating 
| 401|0x00000000d9100000, 0x00000000d9200000, 0x00000000d9200000|100%| O|  |TAMS 0x00000000d9200000, 0x00000000d9100000| Updating 
| 402|0x00000000d9200000, 0x00000000d9300000, 0x00000000d9300000|100%| O|  |TAMS 0x00000000d9300000, 0x00000000d9200000| Untracked 
| 403|0x00000000d9300000, 0x00000000d9400000, 0x00000000d9400000|100%| O|  |TAMS 0x00000000d9400000, 0x00000000d9300000| Updating 
| 404|0x00000000d9400000, 0x00000000d9500000, 0x00000000d9500000|100%| O|  |TAMS 0x00000000d9500000, 0x00000000d9400000| Updating 
| 405|0x00000000d9500000, 0x00000000d9600000, 0x00000000d9600000|100%| O|  |TAMS 0x00000000d9600000, 0x00000000d9500000| Updating 
| 406|0x00000000d9600000, 0x00000000d9700000, 0x00000000d9700000|100%| O|  |TAMS 0x00000000d9700000, 0x00000000d9600000| Updating 
| 407|0x00000000d9700000, 0x00000000d9800000, 0x00000000d9800000|100%| O|  |TAMS 0x00000000d9800000, 0x00000000d9700000| Untracked 
| 408|0x00000000d9800000, 0x00000000d9900000, 0x00000000d9900000|100%| O|  |TAMS 0x00000000d9900000, 0x00000000d9800000| Updating 
| 409|0x00000000d9900000, 0x00000000d9a00000, 0x00000000d9a00000|100%| O|  |TAMS 0x00000000d9a00000, 0x00000000d9900000| Updating 
| 410|0x00000000d9a00000, 0x00000000d9b00000, 0x00000000d9b00000|100%| O|  |TAMS 0x00000000d9a00000, 0x00000000d9a00000| Untracked 
| 411|0x00000000d9b00000, 0x00000000d9c00000, 0x00000000d9c00000|100%| O|  |TAMS 0x00000000d9b00000, 0x00000000d9b00000| Untracked 
| 412|0x00000000d9c00000, 0x00000000d9d00000, 0x00000000d9d00000|100%| O|  |TAMS 0x00000000d9d00000, 0x00000000d9c00000| Untracked 
| 413|0x00000000d9d00000, 0x00000000d9e00000, 0x00000000d9e00000|100%| O|  |TAMS 0x00000000d9e00000, 0x00000000d9d00000| Untracked 
| 414|0x00000000d9e00000, 0x00000000d9f00000, 0x00000000d9f00000|100%| O|  |TAMS 0x00000000d9f00000, 0x00000000d9e00000| Untracked 
| 415|0x00000000d9f00000, 0x00000000da000000, 0x00000000da000000|100%| O|  |TAMS 0x00000000da000000, 0x00000000d9f00000| Updating 
| 416|0x00000000da000000, 0x00000000da100000, 0x00000000da100000|100%| O|  |TAMS 0x00000000da100000, 0x00000000da000000| Updating 
| 417|0x00000000da100000, 0x00000000da200000, 0x00000000da200000|100%| O|  |TAMS 0x00000000da200000, 0x00000000da100000| Untracked 
| 418|0x00000000da200000, 0x00000000da300000, 0x00000000da300000|100%| O|  |TAMS 0x00000000da300000, 0x00000000da200000| Untracked 
| 419|0x00000000da300000, 0x00000000da400000, 0x00000000da400000|100%| O|  |TAMS 0x00000000da400000, 0x00000000da300000| Updating 
| 420|0x00000000da400000, 0x00000000da500000, 0x00000000da500000|100%| O|  |TAMS 0x00000000da500000, 0x00000000da400000| Updating 
| 421|0x00000000da500000, 0x00000000da600000, 0x00000000da600000|100%| O|  |TAMS 0x00000000da500000, 0x00000000da500000| Untracked 
| 422|0x00000000da600000, 0x00000000da700000, 0x00000000da700000|100%| O|  |TAMS 0x00000000da700000, 0x00000000da600000| Updating 
| 423|0x00000000da700000, 0x00000000da800000, 0x00000000da800000|100%| O|  |TAMS 0x00000000da800000, 0x00000000da700000| Updating 
| 424|0x00000000da800000, 0x00000000da900000, 0x00000000da900000|100%| O|  |TAMS 0x00000000da900000, 0x00000000da800000| Untracked 
| 425|0x00000000da900000, 0x00000000daa00000, 0x00000000daa00000|100%| O|  |TAMS 0x00000000daa00000, 0x00000000da900000| Untracked 
| 426|0x00000000daa00000, 0x00000000dab00000, 0x00000000dab00000|100%| O|  |TAMS 0x00000000dab00000, 0x00000000daa00000| Untracked 
| 427|0x00000000dab00000, 0x00000000dac00000, 0x00000000dac00000|100%| O|  |TAMS 0x00000000dac00000, 0x00000000dab00000| Updating 
| 428|0x00000000dac00000, 0x00000000dad00000, 0x00000000dad00000|100%| O|  |TAMS 0x00000000dad00000, 0x00000000dac00000| Updating 
| 429|0x00000000dad00000, 0x00000000dae00000, 0x00000000dae00000|100%| O|  |TAMS 0x00000000dae00000, 0x00000000dad00000| Updating 
| 430|0x00000000dae00000, 0x00000000daf00000, 0x00000000daf00000|100%| O|  |TAMS 0x00000000daf00000, 0x00000000dae00000| Updating 
| 431|0x00000000daf00000, 0x00000000db000000, 0x00000000db000000|100%| O|  |TAMS 0x00000000db000000, 0x00000000daf00000| Updating 
| 432|0x00000000db000000, 0x00000000db100000, 0x00000000db100000|100%| O|  |TAMS 0x00000000db100000, 0x00000000db000000| Updating 
| 433|0x00000000db100000, 0x00000000db200000, 0x00000000db200000|100%| O|  |TAMS 0x00000000db100000, 0x00000000db100000| Untracked 
| 434|0x00000000db200000, 0x00000000db300000, 0x00000000db300000|100%|HS|  |TAMS 0x00000000db300000, 0x00000000db200000| Complete 
| 435|0x00000000db300000, 0x00000000db400000, 0x00000000db400000|100%| O|  |TAMS 0x00000000db400000, 0x00000000db300000| Updating 
| 436|0x00000000db400000, 0x00000000db500000, 0x00000000db500000|100%| O|  |TAMS 0x00000000db500000, 0x00000000db400000| Updating 
| 437|0x00000000db500000, 0x00000000db600000, 0x00000000db600000|100%| O|  |TAMS 0x00000000db600000, 0x00000000db500000| Updating 
| 438|0x00000000db600000, 0x00000000db700000, 0x00000000db700000|100%| O|  |TAMS 0x00000000db700000, 0x00000000db600000| Updating 
| 439|0x00000000db700000, 0x00000000db800000, 0x00000000db800000|100%| O|  |TAMS 0x00000000db800000, 0x00000000db700000| Updating 
| 440|0x00000000db800000, 0x00000000db900000, 0x00000000db900000|100%| O|  |TAMS 0x00000000db900000, 0x00000000db800000| Updating 
| 441|0x00000000db900000, 0x00000000dba00000, 0x00000000dba00000|100%| O|  |TAMS 0x00000000dba00000, 0x00000000db900000| Updating 
| 442|0x00000000dba00000, 0x00000000dbb00000, 0x00000000dbb00000|100%| O|  |TAMS 0x00000000dbb00000, 0x00000000dba00000| Updating 
| 443|0x00000000dbb00000, 0x00000000dbc00000, 0x00000000dbc00000|100%| O|  |TAMS 0x00000000dbc00000, 0x00000000dbb00000| Updating 
| 444|0x00000000dbc00000, 0x00000000dbd00000, 0x00000000dbd00000|100%| O|  |TAMS 0x00000000dbd00000, 0x00000000dbc00000| Updating 
| 445|0x00000000dbd00000, 0x00000000dbe00000, 0x00000000dbe00000|100%| O|  |TAMS 0x00000000dbe00000, 0x00000000dbd00000| Untracked 
| 446|0x00000000dbe00000, 0x00000000dbf00000, 0x00000000dbf00000|100%| O|  |TAMS 0x00000000dbf00000, 0x00000000dbe00000| Untracked 
| 447|0x00000000dbf00000, 0x00000000dc000000, 0x00000000dc000000|100%| O|  |TAMS 0x00000000dc000000, 0x00000000dbf00000| Untracked 
| 448|0x00000000dc000000, 0x00000000dc100000, 0x00000000dc100000|100%| O|  |TAMS 0x00000000dc100000, 0x00000000dc000000| Updating 
| 449|0x00000000dc100000, 0x00000000dc200000, 0x00000000dc200000|100%| O|  |TAMS 0x00000000dc200000, 0x00000000dc100000| Updating 
| 450|0x00000000dc200000, 0x00000000dc300000, 0x00000000dc300000|100%|HS|  |TAMS 0x00000000dc300000, 0x00000000dc200000| Complete 
| 451|0x00000000dc300000, 0x00000000dc400000, 0x00000000dc400000|100%| O|  |TAMS 0x00000000dc400000, 0x00000000dc300000| Updating 
| 452|0x00000000dc400000, 0x00000000dc500000, 0x00000000dc500000|100%| O|  |TAMS 0x00000000dc500000, 0x00000000dc400000| Updating 
| 453|0x00000000dc500000, 0x00000000dc600000, 0x00000000dc600000|100%| O|  |TAMS 0x00000000dc600000, 0x00000000dc500000| Untracked 
| 454|0x00000000dc600000, 0x00000000dc700000, 0x00000000dc700000|100%| O|  |TAMS 0x00000000dc700000, 0x00000000dc600000| Untracked 
| 455|0x00000000dc700000, 0x00000000dc800000, 0x00000000dc800000|100%| O|  |TAMS 0x00000000dc800000, 0x00000000dc700000| Updating 
| 456|0x00000000dc800000, 0x00000000dc900000, 0x00000000dc900000|100%| O|  |TAMS 0x00000000dc900000, 0x00000000dc800000| Updating 
| 457|0x00000000dc900000, 0x00000000dca00000, 0x00000000dca00000|100%| O|  |TAMS 0x00000000dca00000, 0x00000000dc900000| Updating 
| 458|0x00000000dca00000, 0x00000000dcb00000, 0x00000000dcb00000|100%| O|  |TAMS 0x00000000dcb00000, 0x00000000dca00000| Updating 
| 459|0x00000000dcb00000, 0x00000000dcc00000, 0x00000000dcc00000|100%| O|  |TAMS 0x00000000dcc00000, 0x00000000dcb00000| Updating 
| 460|0x00000000dcc00000, 0x00000000dcd00000, 0x00000000dcd00000|100%| O|  |TAMS 0x00000000dcd00000, 0x00000000dcc00000| Updating 
| 461|0x00000000dcd00000, 0x00000000dce00000, 0x00000000dce00000|100%| O|  |TAMS 0x00000000dce00000, 0x00000000dcd00000| Updating 
| 462|0x00000000dce00000, 0x00000000dcf00000, 0x00000000dcf00000|100%| O|  |TAMS 0x00000000dcf00000, 0x00000000dce00000| Untracked 
| 463|0x00000000dcf00000, 0x00000000dd000000, 0x00000000dd000000|100%| O|  |TAMS 0x00000000dd000000, 0x00000000dcf00000| Updating 
| 464|0x00000000dd000000, 0x00000000dd100000, 0x00000000dd100000|100%| O|  |TAMS 0x00000000dd100000, 0x00000000dd000000| Updating 
| 465|0x00000000dd100000, 0x00000000dd200000, 0x00000000dd200000|100%| O|  |TAMS 0x00000000dd200000, 0x00000000dd100000| Untracked 
| 466|0x00000000dd200000, 0x00000000dd300000, 0x00000000dd300000|100%| O|  |TAMS 0x00000000dd300000, 0x00000000dd200000| Updating 
| 467|0x00000000dd300000, 0x00000000dd400000, 0x00000000dd400000|100%| O|  |TAMS 0x00000000dd400000, 0x00000000dd300000| Updating 
| 468|0x00000000dd400000, 0x00000000dd500000, 0x00000000dd500000|100%| O|  |TAMS 0x00000000dd500000, 0x00000000dd400000| Untracked 
| 469|0x00000000dd500000, 0x00000000dd600000, 0x00000000dd600000|100%| O|  |TAMS 0x00000000dd600000, 0x00000000dd500000| Updating 
| 470|0x00000000dd600000, 0x00000000dd700000, 0x00000000dd700000|100%| O|  |TAMS 0x00000000dd700000, 0x00000000dd600000| Updating 
| 471|0x00000000dd700000, 0x00000000dd800000, 0x00000000dd800000|100%|HS|  |TAMS 0x00000000dd800000, 0x00000000dd700000| Complete 
| 472|0x00000000dd800000, 0x00000000dd900000, 0x00000000dd900000|100%|HS|  |TAMS 0x00000000dd900000, 0x00000000dd800000| Complete 
| 473|0x00000000dd900000, 0x00000000dda00000, 0x00000000dda00000|100%|HC|  |TAMS 0x00000000dda00000, 0x00000000dd900000| Complete 
| 474|0x00000000dda00000, 0x00000000ddb00000, 0x00000000ddb00000|100%|HS|  |TAMS 0x00000000ddb00000, 0x00000000dda00000| Complete 
| 475|0x00000000ddb00000, 0x00000000ddc00000, 0x00000000ddc00000|100%|HC|  |TAMS 0x00000000ddc00000, 0x00000000ddb00000| Complete 
| 476|0x00000000ddc00000, 0x00000000ddd00000, 0x00000000ddd00000|100%|HS|  |TAMS 0x00000000ddd00000, 0x00000000ddc00000| Complete 
| 477|0x00000000ddd00000, 0x00000000dde00000, 0x00000000dde00000|100%|HS|  |TAMS 0x00000000dde00000, 0x00000000ddd00000| Complete 
| 478|0x00000000dde00000, 0x00000000ddf00000, 0x00000000ddf00000|100%|HS|  |TAMS 0x00000000ddf00000, 0x00000000dde00000| Complete 
| 479|0x00000000ddf00000, 0x00000000de000000, 0x00000000de000000|100%|HC|  |TAMS 0x00000000de000000, 0x00000000ddf00000| Complete 
| 480|0x00000000de000000, 0x00000000de100000, 0x00000000de100000|100%| O|  |TAMS 0x00000000de100000, 0x00000000de000000| Untracked 
| 481|0x00000000de100000, 0x00000000de200000, 0x00000000de200000|100%| O|  |TAMS 0x00000000de200000, 0x00000000de100000| Updating 
| 482|0x00000000de200000, 0x00000000de300000, 0x00000000de300000|100%| O|  |TAMS 0x00000000de300000, 0x00000000de200000| Updating 
| 483|0x00000000de300000, 0x00000000de400000, 0x00000000de400000|100%| O|  |TAMS 0x00000000de400000, 0x00000000de300000| Updating 
| 484|0x00000000de400000, 0x00000000de500000, 0x00000000de500000|100%| O|  |TAMS 0x00000000de500000, 0x00000000de400000| Updating 
| 485|0x00000000de500000, 0x00000000de600000, 0x00000000de600000|100%| O|  |TAMS 0x00000000de600000, 0x00000000de500000| Updating 
| 486|0x00000000de600000, 0x00000000de700000, 0x00000000de700000|100%| O|  |TAMS 0x00000000de700000, 0x00000000de600000| Updating 
| 487|0x00000000de700000, 0x00000000de800000, 0x00000000de800000|100%| O|  |TAMS 0x00000000de800000, 0x00000000de700000| Untracked 
| 488|0x00000000de800000, 0x00000000de900000, 0x00000000de900000|100%| O|  |TAMS 0x00000000de900000, 0x00000000de800000| Updating 
| 489|0x00000000de900000, 0x00000000dea00000, 0x00000000dea00000|100%| O|  |TAMS 0x00000000dea00000, 0x00000000de900000| Updating 
| 490|0x00000000dea00000, 0x00000000deb00000, 0x00000000deb00000|100%| O|  |TAMS 0x00000000deb00000, 0x00000000dea00000| Updating 
| 491|0x00000000deb00000, 0x00000000dec00000, 0x00000000dec00000|100%| O|  |TAMS 0x00000000dec00000, 0x00000000deb00000| Updating 
| 492|0x00000000dec00000, 0x00000000ded00000, 0x00000000ded00000|100%| O|  |TAMS 0x00000000ded00000, 0x00000000dec00000| Untracked 
| 493|0x00000000ded00000, 0x00000000dee00000, 0x00000000dee00000|100%| O|  |TAMS 0x00000000dee00000, 0x00000000ded00000| Untracked 
| 494|0x00000000dee00000, 0x00000000def00000, 0x00000000def00000|100%| O|  |TAMS 0x00000000def00000, 0x00000000dee00000| Untracked 
| 495|0x00000000def00000, 0x00000000df000000, 0x00000000df000000|100%| O|  |TAMS 0x00000000df000000, 0x00000000def00000| Updating 
| 496|0x00000000df000000, 0x00000000df100000, 0x00000000df100000|100%| O|  |TAMS 0x00000000df100000, 0x00000000df000000| Updating 
| 497|0x00000000df100000, 0x00000000df200000, 0x00000000df200000|100%| O|  |TAMS 0x00000000df200000, 0x00000000df100000| Untracked 
| 498|0x00000000df200000, 0x00000000df300000, 0x00000000df300000|100%| O|  |TAMS 0x00000000df300000, 0x00000000df200000| Untracked 
| 499|0x00000000df300000, 0x00000000df400000, 0x00000000df400000|100%| O|  |TAMS 0x00000000df400000, 0x00000000df300000| Updating 
| 500|0x00000000df400000, 0x00000000df500000, 0x00000000df500000|100%| O|  |TAMS 0x00000000df500000, 0x00000000df400000| Updating 
| 501|0x00000000df500000, 0x00000000df600000, 0x00000000df600000|100%|HS|  |TAMS 0x00000000df600000, 0x00000000df500000| Complete 
| 502|0x00000000df600000, 0x00000000df700000, 0x00000000df700000|100%|HS|  |TAMS 0x00000000df700000, 0x00000000df600000| Complete 
| 503|0x00000000df700000, 0x00000000df800000, 0x00000000df800000|100%|HS|  |TAMS 0x00000000df800000, 0x00000000df700000| Complete 
| 504|0x00000000df800000, 0x00000000df900000, 0x00000000df900000|100%|HC|  |TAMS 0x00000000df900000, 0x00000000df800000| Complete 
| 505|0x00000000df900000, 0x00000000dfa00000, 0x00000000dfa00000|100%| O|  |TAMS 0x00000000df900000, 0x00000000df900000| Untracked 
| 506|0x00000000dfa00000, 0x00000000dfb00000, 0x00000000dfb00000|100%|HS|  |TAMS 0x00000000dfb00000, 0x00000000dfa00000| Complete 
| 507|0x00000000dfb00000, 0x00000000dfc00000, 0x00000000dfc00000|100%|HS|  |TAMS 0x00000000dfc00000, 0x00000000dfb00000| Complete 
| 508|0x00000000dfc00000, 0x00000000dfd00000, 0x00000000dfd00000|100%|HS|  |TAMS 0x00000000dfd00000, 0x00000000dfc00000| Complete 
| 509|0x00000000dfd00000, 0x00000000dfe00000, 0x00000000dfe00000|100%|HC|  |TAMS 0x00000000dfe00000, 0x00000000dfd00000| Complete 
| 510|0x00000000dfe00000, 0x00000000dff00000, 0x00000000dff00000|100%| O|  |TAMS 0x00000000dfe00000, 0x00000000dfe00000| Untracked 
| 511|0x00000000dff00000, 0x00000000e0000000, 0x00000000e0000000|100%|HS|  |TAMS 0x00000000e0000000, 0x00000000dff00000| Complete 
| 512|0x00000000e0000000, 0x00000000e0100000, 0x00000000e0100000|100%|HS|  |TAMS 0x00000000e0100000, 0x00000000e0000000| Complete 
| 513|0x00000000e0100000, 0x00000000e0200000, 0x00000000e0200000|100%|HS|  |TAMS 0x00000000e0200000, 0x00000000e0100000| Complete 
| 514|0x00000000e0200000, 0x00000000e0300000, 0x00000000e0300000|100%|HC|  |TAMS 0x00000000e0300000, 0x00000000e0200000| Complete 
| 515|0x00000000e0300000, 0x00000000e0300000, 0x00000000e0400000|  0%| F|  |TAMS 0x00000000e0300000, 0x00000000e0300000| Untracked 
| 516|0x00000000e0400000, 0x00000000e0400000, 0x00000000e0500000|  0%| F|  |TAMS 0x00000000e0400000, 0x00000000e0400000| Untracked 
| 517|0x00000000e0500000, 0x00000000e0500000, 0x00000000e0600000|  0%| F|  |TAMS 0x00000000e0500000, 0x00000000e0500000| Untracked 
| 518|0x00000000e0600000, 0x00000000e0600000, 0x00000000e0700000|  0%| F|  |TAMS 0x00000000e0600000, 0x00000000e0600000| Untracked 
| 519|0x00000000e0700000, 0x00000000e0700000, 0x00000000e0800000|  0%| F|  |TAMS 0x00000000e0700000, 0x00000000e0700000| Untracked 
| 520|0x00000000e0800000, 0x00000000e0800000, 0x00000000e0900000|  0%| F|  |TAMS 0x00000000e0800000, 0x00000000e0800000| Untracked 
| 521|0x00000000e0900000, 0x00000000e0900000, 0x00000000e0a00000|  0%| F|  |TAMS 0x00000000e0900000, 0x00000000e0900000| Untracked 
| 522|0x00000000e0a00000, 0x00000000e0a00000, 0x00000000e0b00000|  0%| F|  |TAMS 0x00000000e0a00000, 0x00000000e0a00000| Untracked 
| 523|0x00000000e0b00000, 0x00000000e0b00000, 0x00000000e0c00000|  0%| F|  |TAMS 0x00000000e0b00000, 0x00000000e0b00000| Untracked 
| 524|0x00000000e0c00000, 0x00000000e0c00000, 0x00000000e0d00000|  0%| F|  |TAMS 0x00000000e0c00000, 0x00000000e0c00000| Untracked 
| 525|0x00000000e0d00000, 0x00000000e0d00000, 0x00000000e0e00000|  0%| F|  |TAMS 0x00000000e0d00000, 0x00000000e0d00000| Untracked 
| 526|0x00000000e0e00000, 0x00000000e0e00000, 0x00000000e0f00000|  0%| F|  |TAMS 0x00000000e0e00000, 0x00000000e0e00000| Untracked 
| 527|0x00000000e0f00000, 0x00000000e1000000, 0x00000000e1000000|100%| O|  |TAMS 0x00000000e1000000, 0x00000000e0f00000| Updating 
| 528|0x00000000e1000000, 0x00000000e1100000, 0x00000000e1100000|100%| O|  |TAMS 0x00000000e1100000, 0x00000000e1000000| Updating 
| 529|0x00000000e1100000, 0x00000000e1200000, 0x00000000e1200000|100%| O|  |TAMS 0x00000000e1200000, 0x00000000e1100000| Updating 
| 530|0x00000000e1200000, 0x00000000e1300000, 0x00000000e1300000|100%| O|  |TAMS 0x00000000e1300000, 0x00000000e1200000| Untracked 
| 531|0x00000000e1300000, 0x00000000e1400000, 0x00000000e1400000|100%| O|  |TAMS 0x00000000e1400000, 0x00000000e1300000| Untracked 
| 532|0x00000000e1400000, 0x00000000e1500000, 0x00000000e1500000|100%| O|  |TAMS 0x00000000e1500000, 0x00000000e1400000| Untracked 
| 533|0x00000000e1500000, 0x00000000e1600000, 0x00000000e1600000|100%| O|  |TAMS 0x00000000e1600000, 0x00000000e1500000| Updating 
| 534|0x00000000e1600000, 0x00000000e1700000, 0x00000000e1700000|100%| O|  |TAMS 0x00000000e1700000, 0x00000000e1600000| Untracked 
| 535|0x00000000e1700000, 0x00000000e1800000, 0x00000000e1800000|100%| O|  |TAMS 0x00000000e1800000, 0x00000000e1700000| Untracked 
| 536|0x00000000e1800000, 0x00000000e1900000, 0x00000000e1900000|100%| O|  |TAMS 0x00000000e1900000, 0x00000000e1800000| Untracked 
| 537|0x00000000e1900000, 0x00000000e1a00000, 0x00000000e1a00000|100%| O|  |TAMS 0x00000000e1a00000, 0x00000000e1900000| Untracked 
| 538|0x00000000e1a00000, 0x00000000e1b00000, 0x00000000e1b00000|100%| O|  |TAMS 0x00000000e1b00000, 0x00000000e1a00000| Updating 
| 539|0x00000000e1b00000, 0x00000000e1c00000, 0x00000000e1c00000|100%| O|  |TAMS 0x00000000e1b60200, 0x00000000e1b00000| Untracked 
| 540|0x00000000e1c00000, 0x00000000e1d00000, 0x00000000e1d00000|100%|HS|  |TAMS 0x00000000e1d00000, 0x00000000e1c00000| Complete 
| 541|0x00000000e1d00000, 0x00000000e1e00000, 0x00000000e1e00000|100%|HC|  |TAMS 0x00000000e1e00000, 0x00000000e1d00000| Complete 
| 542|0x00000000e1e00000, 0x00000000e1f00000, 0x00000000e1f00000|100%|HC|  |TAMS 0x00000000e1f00000, 0x00000000e1e00000| Complete 
| 543|0x00000000e1f00000, 0x00000000e2000000, 0x00000000e2000000|100%|HC|  |TAMS 0x00000000e2000000, 0x00000000e1f00000| Complete 
| 544|0x00000000e2000000, 0x00000000e2100000, 0x00000000e2100000|100%|HC|  |TAMS 0x00000000e2100000, 0x00000000e2000000| Complete 
| 545|0x00000000e2100000, 0x00000000e2200000, 0x00000000e2200000|100%|HC|  |TAMS 0x00000000e2200000, 0x00000000e2100000| Complete 
| 546|0x00000000e2200000, 0x00000000e2300000, 0x00000000e2300000|100%|HC|  |TAMS 0x00000000e2300000, 0x00000000e2200000| Complete 
| 547|0x00000000e2300000, 0x00000000e2400000, 0x00000000e2400000|100%|HC|  |TAMS 0x00000000e2400000, 0x00000000e2300000| Complete 
| 548|0x00000000e2400000, 0x00000000e2500000, 0x00000000e2500000|100%|HC|  |TAMS 0x00000000e2500000, 0x00000000e2400000| Complete 
| 549|0x00000000e2500000, 0x00000000e2600000, 0x00000000e2600000|100%|HC|  |TAMS 0x00000000e2600000, 0x00000000e2500000| Complete 
| 550|0x00000000e2600000, 0x00000000e2700000, 0x00000000e2700000|100%|HC|  |TAMS 0x00000000e2700000, 0x00000000e2600000| Complete 
| 551|0x00000000e2700000, 0x00000000e2800000, 0x00000000e2800000|100%|HC|  |TAMS 0x00000000e2800000, 0x00000000e2700000| Complete 
| 552|0x00000000e2800000, 0x00000000e2900000, 0x00000000e2900000|100%|HC|  |TAMS 0x00000000e2900000, 0x00000000e2800000| Complete 
| 553|0x00000000e2900000, 0x00000000e2a00000, 0x00000000e2a00000|100%|HC|  |TAMS 0x00000000e2a00000, 0x00000000e2900000| Complete 
| 554|0x00000000e2a00000, 0x00000000e2b00000, 0x00000000e2b00000|100%|HS|  |TAMS 0x00000000e2b00000, 0x00000000e2a00000| Complete 
| 555|0x00000000e2b00000, 0x00000000e2c00000, 0x00000000e2c00000|100%|HC|  |TAMS 0x00000000e2c00000, 0x00000000e2b00000| Complete 
| 556|0x00000000e2c00000, 0x00000000e2d00000, 0x00000000e2d00000|100%|HC|  |TAMS 0x00000000e2d00000, 0x00000000e2c00000| Complete 
| 557|0x00000000e2d00000, 0x00000000e2e00000, 0x00000000e2e00000|100%|HC|  |TAMS 0x00000000e2e00000, 0x00000000e2d00000| Complete 
| 558|0x00000000e2e00000, 0x00000000e2f00000, 0x00000000e2f00000|100%|HC|  |TAMS 0x00000000e2f00000, 0x00000000e2e00000| Complete 
| 559|0x00000000e2f00000, 0x00000000e3000000, 0x00000000e3000000|100%|HC|  |TAMS 0x00000000e3000000, 0x00000000e2f00000| Complete 
| 560|0x00000000e3000000, 0x00000000e3100000, 0x00000000e3100000|100%|HC|  |TAMS 0x00000000e3100000, 0x00000000e3000000| Complete 
| 561|0x00000000e3100000, 0x00000000e3200000, 0x00000000e3200000|100%|HC|  |TAMS 0x00000000e3200000, 0x00000000e3100000| Complete 
| 562|0x00000000e3200000, 0x00000000e3300000, 0x00000000e3300000|100%|HC|  |TAMS 0x00000000e3300000, 0x00000000e3200000| Complete 
| 563|0x00000000e3300000, 0x00000000e3400000, 0x00000000e3400000|100%|HC|  |TAMS 0x00000000e3400000, 0x00000000e3300000| Complete 
| 564|0x00000000e3400000, 0x00000000e3500000, 0x00000000e3500000|100%|HC|  |TAMS 0x00000000e3500000, 0x00000000e3400000| Complete 
| 565|0x00000000e3500000, 0x00000000e3600000, 0x00000000e3600000|100%|HC|  |TAMS 0x00000000e3600000, 0x00000000e3500000| Complete 
| 566|0x00000000e3600000, 0x00000000e3700000, 0x00000000e3700000|100%|HC|  |TAMS 0x00000000e3700000, 0x00000000e3600000| Complete 
| 567|0x00000000e3700000, 0x00000000e3800000, 0x00000000e3800000|100%|HC|  |TAMS 0x00000000e3800000, 0x00000000e3700000| Complete 
| 568|0x00000000e3800000, 0x00000000e3900000, 0x00000000e3900000|100%|HC|  |TAMS 0x00000000e3900000, 0x00000000e3800000| Complete 
| 569|0x00000000e3900000, 0x00000000e3a00000, 0x00000000e3a00000|100%|HC|  |TAMS 0x00000000e3a00000, 0x00000000e3900000| Complete 
| 570|0x00000000e3a00000, 0x00000000e3b00000, 0x00000000e3b00000|100%|HC|  |TAMS 0x00000000e3b00000, 0x00000000e3a00000| Complete 
| 571|0x00000000e3b00000, 0x00000000e3c00000, 0x00000000e3c00000|100%|HC|  |TAMS 0x00000000e3c00000, 0x00000000e3b00000| Complete 
| 572|0x00000000e3c00000, 0x00000000e3d00000, 0x00000000e3d00000|100%|HC|  |TAMS 0x00000000e3d00000, 0x00000000e3c00000| Complete 
| 573|0x00000000e3d00000, 0x00000000e3e00000, 0x00000000e3e00000|100%|HC|  |TAMS 0x00000000e3e00000, 0x00000000e3d00000| Complete 
| 574|0x00000000e3e00000, 0x00000000e3f00000, 0x00000000e3f00000|100%| O|  |TAMS 0x00000000e3e00000, 0x00000000e3e00000| Untracked 
| 575|0x00000000e3f00000, 0x00000000e4000000, 0x00000000e4000000|100%| O|  |TAMS 0x00000000e3f00000, 0x00000000e3f00000| Untracked 
| 576|0x00000000e4000000, 0x00000000e4100000, 0x00000000e4100000|100%| O|  |TAMS 0x00000000e4000000, 0x00000000e4000000| Untracked 
| 577|0x00000000e4100000, 0x00000000e4200000, 0x00000000e4200000|100%| O|  |TAMS 0x00000000e4100000, 0x00000000e4100000| Untracked 
| 578|0x00000000e4200000, 0x00000000e4300000, 0x00000000e4300000|100%| O|  |TAMS 0x00000000e4200000, 0x00000000e4200000| Untracked 
| 579|0x00000000e4300000, 0x00000000e4400000, 0x00000000e4400000|100%| O|  |TAMS 0x00000000e4300000, 0x00000000e4300000| Untracked 
| 580|0x00000000e4400000, 0x00000000e4500000, 0x00000000e4500000|100%| O|  |TAMS 0x00000000e4400000, 0x00000000e4400000| Untracked 
| 581|0x00000000e4500000, 0x00000000e4600000, 0x00000000e4600000|100%| O|  |TAMS 0x00000000e4500000, 0x00000000e4500000| Untracked 
| 582|0x00000000e4600000, 0x00000000e4700000, 0x00000000e4700000|100%| O|  |TAMS 0x00000000e4600000, 0x00000000e4600000| Untracked 
| 583|0x00000000e4700000, 0x00000000e4800000, 0x00000000e4800000|100%| O|  |TAMS 0x00000000e4700000, 0x00000000e4700000| Untracked 
| 584|0x00000000e4800000, 0x00000000e4900000, 0x00000000e4900000|100%| O|  |TAMS 0x00000000e4800000, 0x00000000e4800000| Untracked 
| 585|0x00000000e4900000, 0x00000000e4a00000, 0x00000000e4a00000|100%| O|  |TAMS 0x00000000e4900000, 0x00000000e4900000| Untracked 
| 586|0x00000000e4a00000, 0x00000000e4b00000, 0x00000000e4b00000|100%| O|  |TAMS 0x00000000e4a00000, 0x00000000e4a00000| Untracked 
| 587|0x00000000e4b00000, 0x00000000e4c00000, 0x00000000e4c00000|100%| O|  |TAMS 0x00000000e4b00000, 0x00000000e4b00000| Untracked 
| 588|0x00000000e4c00000, 0x00000000e4d00000, 0x00000000e4d00000|100%| O|  |TAMS 0x00000000e4c00000, 0x00000000e4c00000| Untracked 
| 589|0x00000000e4d00000, 0x00000000e4e00000, 0x00000000e4e00000|100%| O|  |TAMS 0x00000000e4d00000, 0x00000000e4d00000| Untracked 
| 590|0x00000000e4e00000, 0x00000000e4f00000, 0x00000000e4f00000|100%| O|  |TAMS 0x00000000e4e00000, 0x00000000e4e00000| Untracked 
| 591|0x00000000e4f00000, 0x00000000e5000000, 0x00000000e5000000|100%| O|  |TAMS 0x00000000e4f00000, 0x00000000e4f00000| Untracked 
| 592|0x00000000e5000000, 0x00000000e5100000, 0x00000000e5100000|100%| O|  |TAMS 0x00000000e5000000, 0x00000000e5000000| Untracked 
| 593|0x00000000e5100000, 0x00000000e5200000, 0x00000000e5200000|100%| O|  |TAMS 0x00000000e5100000, 0x00000000e5100000| Untracked 
| 594|0x00000000e5200000, 0x00000000e52d1800, 0x00000000e5300000| 81%| O|  |TAMS 0x00000000e5200000, 0x00000000e5200000| Updating 
| 595|0x00000000e5300000, 0x00000000e5400000, 0x00000000e5400000|100%|HS|  |TAMS 0x00000000e5300000, 0x00000000e5300000| Complete 
| 596|0x00000000e5400000, 0x00000000e5500000, 0x00000000e5500000|100%|HC|  |TAMS 0x00000000e5400000, 0x00000000e5400000| Complete 
| 597|0x00000000e5500000, 0x00000000e5600000, 0x00000000e5600000|100%|HC|  |TAMS 0x00000000e5500000, 0x00000000e5500000| Complete 
| 598|0x00000000e5600000, 0x00000000e5700000, 0x00000000e5700000|100%|HC|  |TAMS 0x00000000e5600000, 0x00000000e5600000| Complete 
| 599|0x00000000e5700000, 0x00000000e5800000, 0x00000000e5800000|100%|HC|  |TAMS 0x00000000e5700000, 0x00000000e5700000| Complete 
| 600|0x00000000e5800000, 0x00000000e5900000, 0x00000000e5900000|100%|HC|  |TAMS 0x00000000e5800000, 0x00000000e5800000| Complete 
| 601|0x00000000e5900000, 0x00000000e5a00000, 0x00000000e5a00000|100%|HC|  |TAMS 0x00000000e5900000, 0x00000000e5900000| Complete 
| 602|0x00000000e5a00000, 0x00000000e5b00000, 0x00000000e5b00000|100%|HC|  |TAMS 0x00000000e5a00000, 0x00000000e5a00000| Complete 
| 603|0x00000000e5b00000, 0x00000000e5c00000, 0x00000000e5c00000|100%|HC|  |TAMS 0x00000000e5b00000, 0x00000000e5b00000| Complete 
| 604|0x00000000e5c00000, 0x00000000e5d00000, 0x00000000e5d00000|100%|HC|  |TAMS 0x00000000e5c00000, 0x00000000e5c00000| Complete 
| 605|0x00000000e5d00000, 0x00000000e5e00000, 0x00000000e5e00000|100%|HC|  |TAMS 0x00000000e5d00000, 0x00000000e5d00000| Complete 
| 606|0x00000000e5e00000, 0x00000000e5f00000, 0x00000000e5f00000|100%|HC|  |TAMS 0x00000000e5e00000, 0x00000000e5e00000| Complete 
| 607|0x00000000e5f00000, 0x00000000e6000000, 0x00000000e6000000|100%|HC|  |TAMS 0x00000000e5f00000, 0x00000000e5f00000| Complete 
| 608|0x00000000e6000000, 0x00000000e6100000, 0x00000000e6100000|100%|HC|  |TAMS 0x00000000e6000000, 0x00000000e6000000| Complete 
| 609|0x00000000e6100000, 0x00000000e6200000, 0x00000000e6200000|100%|HC|  |TAMS 0x00000000e6100000, 0x00000000e6100000| Complete 
| 610|0x00000000e6200000, 0x00000000e6300000, 0x00000000e6300000|100%|HC|  |TAMS 0x00000000e6200000, 0x00000000e6200000| Complete 
| 611|0x00000000e6300000, 0x00000000e6400000, 0x00000000e6400000|100%|HC|  |TAMS 0x00000000e6300000, 0x00000000e6300000| Complete 
| 612|0x00000000e6400000, 0x00000000e6500000, 0x00000000e6500000|100%|HC|  |TAMS 0x00000000e6400000, 0x00000000e6400000| Complete 
| 613|0x00000000e6500000, 0x00000000e6600000, 0x00000000e6600000|100%|HC|  |TAMS 0x00000000e6500000, 0x00000000e6500000| Complete 
| 614|0x00000000e6600000, 0x00000000e6700000, 0x00000000e6700000|100%|HC|  |TAMS 0x00000000e6600000, 0x00000000e6600000| Complete 
| 615|0x00000000e6700000, 0x00000000e6800000, 0x00000000e6800000|100%|HC|  |TAMS 0x00000000e6700000, 0x00000000e6700000| Complete 
| 616|0x00000000e6800000, 0x00000000e6900000, 0x00000000e6900000|100%|HC|  |TAMS 0x00000000e6800000, 0x00000000e6800000| Complete 
| 617|0x00000000e6900000, 0x00000000e6a00000, 0x00000000e6a00000|100%|HC|  |TAMS 0x00000000e6900000, 0x00000000e6900000| Complete 
| 618|0x00000000e6a00000, 0x00000000e6b00000, 0x00000000e6b00000|100%|HC|  |TAMS 0x00000000e6a00000, 0x00000000e6a00000| Complete 
| 619|0x00000000e6b00000, 0x00000000e6c00000, 0x00000000e6c00000|100%|HC|  |TAMS 0x00000000e6b00000, 0x00000000e6b00000| Complete 
| 620|0x00000000e6c00000, 0x00000000e6d00000, 0x00000000e6d00000|100%|HC|  |TAMS 0x00000000e6c00000, 0x00000000e6c00000| Complete 
| 621|0x00000000e6d00000, 0x00000000e6e00000, 0x00000000e6e00000|100%|HC|  |TAMS 0x00000000e6d00000, 0x00000000e6d00000| Complete 
| 622|0x00000000e6e00000, 0x00000000e6f00000, 0x00000000e6f00000|100%|HC|  |TAMS 0x00000000e6e00000, 0x00000000e6e00000| Complete 
| 623|0x00000000e6f00000, 0x00000000e6f00000, 0x00000000e7000000|  0%| F|  |TAMS 0x00000000e6f00000, 0x00000000e6f00000| Untracked 
| 624|0x00000000e7000000, 0x00000000e7000000, 0x00000000e7100000|  0%| F|  |TAMS 0x00000000e7000000, 0x00000000e7000000| Untracked 
| 625|0x00000000e7100000, 0x00000000e7100000, 0x00000000e7200000|  0%| F|  |TAMS 0x00000000e7100000, 0x00000000e7100000| Untracked 
| 626|0x00000000e7200000, 0x00000000e7200000, 0x00000000e7300000|  0%| F|  |TAMS 0x00000000e7200000, 0x00000000e7200000| Untracked 
| 627|0x00000000e7300000, 0x00000000e7300000, 0x00000000e7400000|  0%| F|  |TAMS 0x00000000e7300000, 0x00000000e7300000| Untracked 
| 628|0x00000000e7400000, 0x00000000e7400000, 0x00000000e7500000|  0%| F|  |TAMS 0x00000000e7400000, 0x00000000e7400000| Untracked 
| 629|0x00000000e7500000, 0x00000000e7500000, 0x00000000e7600000|  0%| F|  |TAMS 0x00000000e7500000, 0x00000000e7500000| Untracked 
| 630|0x00000000e7600000, 0x00000000e7600000, 0x00000000e7700000|  0%| F|  |TAMS 0x00000000e7600000, 0x00000000e7600000| Untracked 
| 631|0x00000000e7700000, 0x00000000e7700000, 0x00000000e7800000|  0%| F|  |TAMS 0x00000000e7700000, 0x00000000e7700000| Untracked 
| 632|0x00000000e7800000, 0x00000000e7800000, 0x00000000e7900000|  0%| F|  |TAMS 0x00000000e7800000, 0x00000000e7800000| Untracked 
| 633|0x00000000e7900000, 0x00000000e7900000, 0x00000000e7a00000|  0%| F|  |TAMS 0x00000000e7900000, 0x00000000e7900000| Untracked 
| 634|0x00000000e7a00000, 0x00000000e7a00000, 0x00000000e7b00000|  0%| F|  |TAMS 0x00000000e7a00000, 0x00000000e7a00000| Untracked 
| 635|0x00000000e7b00000, 0x00000000e7b00000, 0x00000000e7c00000|  0%| F|  |TAMS 0x00000000e7b00000, 0x00000000e7b00000| Untracked 
| 636|0x00000000e7c00000, 0x00000000e7c00000, 0x00000000e7d00000|  0%| F|  |TAMS 0x00000000e7c00000, 0x00000000e7c00000| Untracked 
| 637|0x00000000e7d00000, 0x00000000e7d00000, 0x00000000e7e00000|  0%| F|  |TAMS 0x00000000e7d00000, 0x00000000e7d00000| Untracked 
| 638|0x00000000e7e00000, 0x00000000e7e00000, 0x00000000e7f00000|  0%| F|  |TAMS 0x00000000e7e00000, 0x00000000e7e00000| Untracked 
| 639|0x00000000e7f00000, 0x00000000e7f00000, 0x00000000e8000000|  0%| F|  |TAMS 0x00000000e7f00000, 0x00000000e7f00000| Untracked 
| 640|0x00000000e8000000, 0x00000000e8000000, 0x00000000e8100000|  0%| F|  |TAMS 0x00000000e8000000, 0x00000000e8000000| Untracked 
| 641|0x00000000e8100000, 0x00000000e8100000, 0x00000000e8200000|  0%| F|  |TAMS 0x00000000e8100000, 0x00000000e8100000| Untracked 
| 642|0x00000000e8200000, 0x00000000e8200000, 0x00000000e8300000|  0%| F|  |TAMS 0x00000000e8200000, 0x00000000e8200000| Untracked 
| 643|0x00000000e8300000, 0x00000000e8300000, 0x00000000e8400000|  0%| F|  |TAMS 0x00000000e8300000, 0x00000000e8300000| Untracked 
| 644|0x00000000e8400000, 0x00000000e8400000, 0x00000000e8500000|  0%| F|  |TAMS 0x00000000e8400000, 0x00000000e8400000| Untracked 
| 645|0x00000000e8500000, 0x00000000e8500000, 0x00000000e8600000|  0%| F|  |TAMS 0x00000000e8500000, 0x00000000e8500000| Untracked 
| 646|0x00000000e8600000, 0x00000000e8600000, 0x00000000e8700000|  0%| F|  |TAMS 0x00000000e8600000, 0x00000000e8600000| Untracked 
| 647|0x00000000e8700000, 0x00000000e8700000, 0x00000000e8800000|  0%| F|  |TAMS 0x00000000e8700000, 0x00000000e8700000| Untracked 
| 648|0x00000000e8800000, 0x00000000e8800000, 0x00000000e8900000|  0%| F|  |TAMS 0x00000000e8800000, 0x00000000e8800000| Untracked 
| 649|0x00000000e8900000, 0x00000000e8900000, 0x00000000e8a00000|  0%| F|  |TAMS 0x00000000e8900000, 0x00000000e8900000| Untracked 
| 650|0x00000000e8a00000, 0x00000000e8a00000, 0x00000000e8b00000|  0%| F|  |TAMS 0x00000000e8a00000, 0x00000000e8a00000| Untracked 
| 651|0x00000000e8b00000, 0x00000000e8b00000, 0x00000000e8c00000|  0%| F|  |TAMS 0x00000000e8b00000, 0x00000000e8b00000| Untracked 
| 652|0x00000000e8c00000, 0x00000000e8c00000, 0x00000000e8d00000|  0%| F|  |TAMS 0x00000000e8c00000, 0x00000000e8c00000| Untracked 
| 653|0x00000000e8d00000, 0x00000000e8d00000, 0x00000000e8e00000|  0%| F|  |TAMS 0x00000000e8d00000, 0x00000000e8d00000| Untracked 
| 654|0x00000000e8e00000, 0x00000000e8e00000, 0x00000000e8f00000|  0%| F|  |TAMS 0x00000000e8e00000, 0x00000000e8e00000| Untracked 
| 655|0x00000000e8f00000, 0x00000000e8f00000, 0x00000000e9000000|  0%| F|  |TAMS 0x00000000e8f00000, 0x00000000e8f00000| Untracked 
| 656|0x00000000e9000000, 0x00000000e9000000, 0x00000000e9100000|  0%| F|  |TAMS 0x00000000e9000000, 0x00000000e9000000| Untracked 
| 657|0x00000000e9100000, 0x00000000e9100000, 0x00000000e9200000|  0%| F|  |TAMS 0x00000000e9100000, 0x00000000e9100000| Untracked 
| 658|0x00000000e9200000, 0x00000000e9200000, 0x00000000e9300000|  0%| F|  |TAMS 0x00000000e9200000, 0x00000000e9200000| Untracked 
| 659|0x00000000e9300000, 0x00000000e9300000, 0x00000000e9400000|  0%| F|  |TAMS 0x00000000e9300000, 0x00000000e9300000| Untracked 
| 660|0x00000000e9400000, 0x00000000e9400000, 0x00000000e9500000|  0%| F|  |TAMS 0x00000000e9400000, 0x00000000e9400000| Untracked 
| 661|0x00000000e9500000, 0x00000000e9500000, 0x00000000e9600000|  0%| F|  |TAMS 0x00000000e9500000, 0x00000000e9500000| Untracked 
| 662|0x00000000e9600000, 0x00000000e9600000, 0x00000000e9700000|  0%| F|  |TAMS 0x00000000e9600000, 0x00000000e9600000| Untracked 
| 663|0x00000000e9700000, 0x00000000e9700000, 0x00000000e9800000|  0%| F|  |TAMS 0x00000000e9700000, 0x00000000e9700000| Untracked 
| 664|0x00000000e9800000, 0x00000000e9800000, 0x00000000e9900000|  0%| F|  |TAMS 0x00000000e9800000, 0x00000000e9800000| Untracked 
| 665|0x00000000e9900000, 0x00000000e9900000, 0x00000000e9a00000|  0%| F|  |TAMS 0x00000000e9900000, 0x00000000e9900000| Untracked 
| 666|0x00000000e9a00000, 0x00000000e9a00000, 0x00000000e9b00000|  0%| F|  |TAMS 0x00000000e9a00000, 0x00000000e9a00000| Untracked 
| 667|0x00000000e9b00000, 0x00000000e9b00000, 0x00000000e9c00000|  0%| F|  |TAMS 0x00000000e9b00000, 0x00000000e9b00000| Untracked 
| 668|0x00000000e9c00000, 0x00000000e9c00000, 0x00000000e9d00000|  0%| F|  |TAMS 0x00000000e9c00000, 0x00000000e9c00000| Untracked 
| 669|0x00000000e9d00000, 0x00000000e9d00000, 0x00000000e9e00000|  0%| F|  |TAMS 0x00000000e9d00000, 0x00000000e9d00000| Untracked 
| 670|0x00000000e9e00000, 0x00000000e9e00000, 0x00000000e9f00000|  0%| F|  |TAMS 0x00000000e9e00000, 0x00000000e9e00000| Untracked 
| 671|0x00000000e9f00000, 0x00000000e9f00000, 0x00000000ea000000|  0%| F|  |TAMS 0x00000000e9f00000, 0x00000000e9f00000| Untracked 
| 672|0x00000000ea000000, 0x00000000ea000000, 0x00000000ea100000|  0%| F|  |TAMS 0x00000000ea000000, 0x00000000ea000000| Untracked 
| 673|0x00000000ea100000, 0x00000000ea100000, 0x00000000ea200000|  0%| F|  |TAMS 0x00000000ea100000, 0x00000000ea100000| Untracked 
| 674|0x00000000ea200000, 0x00000000ea200000, 0x00000000ea300000|  0%| F|  |TAMS 0x00000000ea200000, 0x00000000ea200000| Untracked 
| 675|0x00000000ea300000, 0x00000000ea300000, 0x00000000ea400000|  0%| F|  |TAMS 0x00000000ea300000, 0x00000000ea300000| Untracked 
| 676|0x00000000ea400000, 0x00000000ea400000, 0x00000000ea500000|  0%| F|  |TAMS 0x00000000ea400000, 0x00000000ea400000| Untracked 
| 677|0x00000000ea500000, 0x00000000ea500000, 0x00000000ea600000|  0%| F|  |TAMS 0x00000000ea500000, 0x00000000ea500000| Untracked 
| 678|0x00000000ea600000, 0x00000000ea600000, 0x00000000ea700000|  0%| F|  |TAMS 0x00000000ea600000, 0x00000000ea600000| Untracked 
| 679|0x00000000ea700000, 0x00000000ea700000, 0x00000000ea800000|  0%| F|  |TAMS 0x00000000ea700000, 0x00000000ea700000| Untracked 
| 680|0x00000000ea800000, 0x00000000ea800000, 0x00000000ea900000|  0%| F|  |TAMS 0x00000000ea800000, 0x00000000ea800000| Untracked 
| 681|0x00000000ea900000, 0x00000000ea900000, 0x00000000eaa00000|  0%| F|  |TAMS 0x00000000ea900000, 0x00000000ea900000| Untracked 
| 682|0x00000000eaa00000, 0x00000000eaa00000, 0x00000000eab00000|  0%| F|  |TAMS 0x00000000eaa00000, 0x00000000eaa00000| Untracked 
| 683|0x00000000eab00000, 0x00000000eab00000, 0x00000000eac00000|  0%| F|  |TAMS 0x00000000eab00000, 0x00000000eab00000| Untracked 
| 684|0x00000000eac00000, 0x00000000eac00000, 0x00000000ead00000|  0%| F|  |TAMS 0x00000000eac00000, 0x00000000eac00000| Untracked 
| 685|0x00000000ead00000, 0x00000000ead00000, 0x00000000eae00000|  0%| F|  |TAMS 0x00000000ead00000, 0x00000000ead00000| Untracked 
| 686|0x00000000eae00000, 0x00000000eae00000, 0x00000000eaf00000|  0%| F|  |TAMS 0x00000000eae00000, 0x00000000eae00000| Untracked 
| 687|0x00000000eaf00000, 0x00000000eaf00000, 0x00000000eb000000|  0%| F|  |TAMS 0x00000000eaf00000, 0x00000000eaf00000| Untracked 
| 688|0x00000000eb000000, 0x00000000eb000000, 0x00000000eb100000|  0%| F|  |TAMS 0x00000000eb000000, 0x00000000eb000000| Untracked 
| 689|0x00000000eb100000, 0x00000000eb100000, 0x00000000eb200000|  0%| F|  |TAMS 0x00000000eb100000, 0x00000000eb100000| Untracked 
| 690|0x00000000eb200000, 0x00000000eb200000, 0x00000000eb300000|  0%| F|  |TAMS 0x00000000eb200000, 0x00000000eb200000| Untracked 
| 691|0x00000000eb300000, 0x00000000eb300000, 0x00000000eb400000|  0%| F|  |TAMS 0x00000000eb300000, 0x00000000eb300000| Untracked 
| 692|0x00000000eb400000, 0x00000000eb400000, 0x00000000eb500000|  0%| F|  |TAMS 0x00000000eb400000, 0x00000000eb400000| Untracked 
| 693|0x00000000eb500000, 0x00000000eb500000, 0x00000000eb600000|  0%| F|  |TAMS 0x00000000eb500000, 0x00000000eb500000| Untracked 
| 694|0x00000000eb600000, 0x00000000eb600000, 0x00000000eb700000|  0%| F|  |TAMS 0x00000000eb600000, 0x00000000eb600000| Untracked 
| 695|0x00000000eb700000, 0x00000000eb700000, 0x00000000eb800000|  0%| F|  |TAMS 0x00000000eb700000, 0x00000000eb700000| Untracked 
| 696|0x00000000eb800000, 0x00000000eb800000, 0x00000000eb900000|  0%| F|  |TAMS 0x00000000eb800000, 0x00000000eb800000| Untracked 
| 697|0x00000000eb900000, 0x00000000eb900000, 0x00000000eba00000|  0%| F|  |TAMS 0x00000000eb900000, 0x00000000eb900000| Untracked 
| 698|0x00000000eba00000, 0x00000000eba00000, 0x00000000ebb00000|  0%| F|  |TAMS 0x00000000eba00000, 0x00000000eba00000| Untracked 
| 699|0x00000000ebb00000, 0x00000000ebb00000, 0x00000000ebc00000|  0%| F|  |TAMS 0x00000000ebb00000, 0x00000000ebb00000| Untracked 
| 700|0x00000000ebc00000, 0x00000000ebc00000, 0x00000000ebd00000|  0%| F|  |TAMS 0x00000000ebc00000, 0x00000000ebc00000| Untracked 
| 701|0x00000000ebd00000, 0x00000000ebd00000, 0x00000000ebe00000|  0%| F|  |TAMS 0x00000000ebd00000, 0x00000000ebd00000| Untracked 
| 702|0x00000000ebe00000, 0x00000000ebe00000, 0x00000000ebf00000|  0%| F|  |TAMS 0x00000000ebe00000, 0x00000000ebe00000| Untracked 
| 703|0x00000000ebf00000, 0x00000000ebf00000, 0x00000000ec000000|  0%| F|  |TAMS 0x00000000ebf00000, 0x00000000ebf00000| Untracked 
| 704|0x00000000ec000000, 0x00000000ec000000, 0x00000000ec100000|  0%| F|  |TAMS 0x00000000ec000000, 0x00000000ec000000| Untracked 
| 705|0x00000000ec100000, 0x00000000ec100000, 0x00000000ec200000|  0%| F|  |TAMS 0x00000000ec100000, 0x00000000ec100000| Untracked 
| 706|0x00000000ec200000, 0x00000000ec200000, 0x00000000ec300000|  0%| F|  |TAMS 0x00000000ec200000, 0x00000000ec200000| Untracked 
| 707|0x00000000ec300000, 0x00000000ec300000, 0x00000000ec400000|  0%| F|  |TAMS 0x00000000ec300000, 0x00000000ec300000| Untracked 
| 708|0x00000000ec400000, 0x00000000ec400000, 0x00000000ec500000|  0%| F|  |TAMS 0x00000000ec400000, 0x00000000ec400000| Untracked 
| 709|0x00000000ec500000, 0x00000000ec500000, 0x00000000ec600000|  0%| F|  |TAMS 0x00000000ec500000, 0x00000000ec500000| Untracked 
| 710|0x00000000ec600000, 0x00000000ec600000, 0x00000000ec700000|  0%| F|  |TAMS 0x00000000ec600000, 0x00000000ec600000| Untracked 
| 711|0x00000000ec700000, 0x00000000ec700000, 0x00000000ec800000|  0%| F|  |TAMS 0x00000000ec700000, 0x00000000ec700000| Untracked 
| 712|0x00000000ec800000, 0x00000000ec800000, 0x00000000ec900000|  0%| F|  |TAMS 0x00000000ec800000, 0x00000000ec800000| Untracked 
| 713|0x00000000ec900000, 0x00000000ec900000, 0x00000000eca00000|  0%| F|  |TAMS 0x00000000ec900000, 0x00000000ec900000| Untracked 
| 714|0x00000000eca00000, 0x00000000eca00000, 0x00000000ecb00000|  0%| F|  |TAMS 0x00000000eca00000, 0x00000000eca00000| Untracked 
| 715|0x00000000ecb00000, 0x00000000ecb00000, 0x00000000ecc00000|  0%| F|  |TAMS 0x00000000ecb00000, 0x00000000ecb00000| Untracked 
| 716|0x00000000ecc00000, 0x00000000ecc00000, 0x00000000ecd00000|  0%| F|  |TAMS 0x00000000ecc00000, 0x00000000ecc00000| Untracked 
| 717|0x00000000ecd00000, 0x00000000ecd00000, 0x00000000ece00000|  0%| F|  |TAMS 0x00000000ecd00000, 0x00000000ecd00000| Untracked 
| 718|0x00000000ece00000, 0x00000000ece00000, 0x00000000ecf00000|  0%| F|  |TAMS 0x00000000ece00000, 0x00000000ece00000| Untracked 
| 719|0x00000000ecf00000, 0x00000000ecf00000, 0x00000000ed000000|  0%| F|  |TAMS 0x00000000ecf00000, 0x00000000ecf00000| Untracked 
| 720|0x00000000ed000000, 0x00000000ed000000, 0x00000000ed100000|  0%| F|  |TAMS 0x00000000ed000000, 0x00000000ed000000| Untracked 
| 721|0x00000000ed100000, 0x00000000ed100000, 0x00000000ed200000|  0%| F|  |TAMS 0x00000000ed100000, 0x00000000ed100000| Untracked 
| 722|0x00000000ed200000, 0x00000000ed200000, 0x00000000ed300000|  0%| F|  |TAMS 0x00000000ed200000, 0x00000000ed200000| Untracked 
| 723|0x00000000ed300000, 0x00000000ed300000, 0x00000000ed400000|  0%| F|  |TAMS 0x00000000ed300000, 0x00000000ed300000| Untracked 
| 724|0x00000000ed400000, 0x00000000ed400000, 0x00000000ed500000|  0%| F|  |TAMS 0x00000000ed400000, 0x00000000ed400000| Untracked 
| 725|0x00000000ed500000, 0x00000000ed500000, 0x00000000ed600000|  0%| F|  |TAMS 0x00000000ed500000, 0x00000000ed500000| Untracked 
| 726|0x00000000ed600000, 0x00000000ed600000, 0x00000000ed700000|  0%| F|  |TAMS 0x00000000ed600000, 0x00000000ed600000| Untracked 
| 727|0x00000000ed700000, 0x00000000ed700000, 0x00000000ed800000|  0%| F|  |TAMS 0x00000000ed700000, 0x00000000ed700000| Untracked 
| 728|0x00000000ed800000, 0x00000000ed800000, 0x00000000ed900000|  0%| F|  |TAMS 0x00000000ed800000, 0x00000000ed800000| Untracked 
| 729|0x00000000ed900000, 0x00000000ed900000, 0x00000000eda00000|  0%| F|  |TAMS 0x00000000ed900000, 0x00000000ed900000| Untracked 
| 730|0x00000000eda00000, 0x00000000eda00000, 0x00000000edb00000|  0%| F|  |TAMS 0x00000000eda00000, 0x00000000eda00000| Untracked 
| 731|0x00000000edb00000, 0x00000000edb00000, 0x00000000edc00000|  0%| F|  |TAMS 0x00000000edb00000, 0x00000000edb00000| Untracked 
| 732|0x00000000edc00000, 0x00000000edc00000, 0x00000000edd00000|  0%| F|  |TAMS 0x00000000edc00000, 0x00000000edc00000| Untracked 
| 733|0x00000000edd00000, 0x00000000edd00000, 0x00000000ede00000|  0%| F|  |TAMS 0x00000000edd00000, 0x00000000edd00000| Untracked 
| 734|0x00000000ede00000, 0x00000000ede00000, 0x00000000edf00000|  0%| F|  |TAMS 0x00000000ede00000, 0x00000000ede00000| Untracked 
| 735|0x00000000edf00000, 0x00000000edf80000, 0x00000000ee000000| 50%| S|CS|TAMS 0x00000000edf00000, 0x00000000edf00000| Complete 
| 736|0x00000000ee000000, 0x00000000ee100000, 0x00000000ee100000|100%| S|CS|TAMS 0x00000000ee000000, 0x00000000ee000000| Complete 
| 737|0x00000000ee100000, 0x00000000ee200000, 0x00000000ee200000|100%| S|CS|TAMS 0x00000000ee100000, 0x00000000ee100000| Complete 
| 738|0x00000000ee200000, 0x00000000ee200000, 0x00000000ee300000|  0%| F|  |TAMS 0x00000000ee200000, 0x00000000ee200000| Untracked 
| 739|0x00000000ee300000, 0x00000000ee300000, 0x00000000ee400000|  0%| F|  |TAMS 0x00000000ee300000, 0x00000000ee300000| Untracked 
| 740|0x00000000ee400000, 0x00000000ee400000, 0x00000000ee500000|  0%| F|  |TAMS 0x00000000ee400000, 0x00000000ee400000| Untracked 
| 741|0x00000000ee500000, 0x00000000ee500000, 0x00000000ee600000|  0%| F|  |TAMS 0x00000000ee500000, 0x00000000ee500000| Untracked 
| 742|0x00000000ee600000, 0x00000000ee600000, 0x00000000ee700000|  0%| F|  |TAMS 0x00000000ee600000, 0x00000000ee600000| Untracked 
| 743|0x00000000ee700000, 0x00000000ee700000, 0x00000000ee800000|  0%| F|  |TAMS 0x00000000ee700000, 0x00000000ee700000| Untracked 
| 744|0x00000000ee800000, 0x00000000ee800000, 0x00000000ee900000|  0%| F|  |TAMS 0x00000000ee800000, 0x00000000ee800000| Untracked 
| 745|0x00000000ee900000, 0x00000000ee900000, 0x00000000eea00000|  0%| F|  |TAMS 0x00000000ee900000, 0x00000000ee900000| Untracked 
| 746|0x00000000eea00000, 0x00000000eea00000, 0x00000000eeb00000|  0%| F|  |TAMS 0x00000000eea00000, 0x00000000eea00000| Untracked 
| 747|0x00000000eeb00000, 0x00000000eeb00000, 0x00000000eec00000|  0%| F|  |TAMS 0x00000000eeb00000, 0x00000000eeb00000| Untracked 
| 748|0x00000000eec00000, 0x00000000eec00000, 0x00000000eed00000|  0%| F|  |TAMS 0x00000000eec00000, 0x00000000eec00000| Untracked 
| 749|0x00000000eed00000, 0x00000000eed00000, 0x00000000eee00000|  0%| F|  |TAMS 0x00000000eed00000, 0x00000000eed00000| Untracked 
| 750|0x00000000eee00000, 0x00000000eee00000, 0x00000000eef00000|  0%| F|  |TAMS 0x00000000eee00000, 0x00000000eee00000| Untracked 
| 751|0x00000000eef00000, 0x00000000eef00000, 0x00000000ef000000|  0%| F|  |TAMS 0x00000000eef00000, 0x00000000eef00000| Untracked 
| 752|0x00000000ef000000, 0x00000000ef000000, 0x00000000ef100000|  0%| F|  |TAMS 0x00000000ef000000, 0x00000000ef000000| Untracked 
| 753|0x00000000ef100000, 0x00000000ef100000, 0x00000000ef200000|  0%| F|  |TAMS 0x00000000ef100000, 0x00000000ef100000| Untracked 
| 754|0x00000000ef200000, 0x00000000ef200000, 0x00000000ef300000|  0%| F|  |TAMS 0x00000000ef200000, 0x00000000ef200000| Untracked 
| 755|0x00000000ef300000, 0x00000000ef300000, 0x00000000ef400000|  0%| F|  |TAMS 0x00000000ef300000, 0x00000000ef300000| Untracked 
| 756|0x00000000ef400000, 0x00000000ef400000, 0x00000000ef500000|  0%| F|  |TAMS 0x00000000ef400000, 0x00000000ef400000| Untracked 
| 757|0x00000000ef500000, 0x00000000ef500000, 0x00000000ef600000|  0%| F|  |TAMS 0x00000000ef500000, 0x00000000ef500000| Untracked 
| 758|0x00000000ef600000, 0x00000000ef600000, 0x00000000ef700000|  0%| F|  |TAMS 0x00000000ef600000, 0x00000000ef600000| Untracked 
| 759|0x00000000ef700000, 0x00000000ef700000, 0x00000000ef800000|  0%| F|  |TAMS 0x00000000ef700000, 0x00000000ef700000| Untracked 
| 760|0x00000000ef800000, 0x00000000ef800000, 0x00000000ef900000|  0%| F|  |TAMS 0x00000000ef800000, 0x00000000ef800000| Untracked 
| 761|0x00000000ef900000, 0x00000000ef900000, 0x00000000efa00000|  0%| F|  |TAMS 0x00000000ef900000, 0x00000000ef900000| Untracked 
| 762|0x00000000efa00000, 0x00000000efa00000, 0x00000000efb00000|  0%| F|  |TAMS 0x00000000efa00000, 0x00000000efa00000| Untracked 
| 763|0x00000000efb00000, 0x00000000efb00000, 0x00000000efc00000|  0%| F|  |TAMS 0x00000000efb00000, 0x00000000efb00000| Untracked 
| 764|0x00000000efc00000, 0x00000000efc00000, 0x00000000efd00000|  0%| F|  |TAMS 0x00000000efc00000, 0x00000000efc00000| Untracked 
| 765|0x00000000efd00000, 0x00000000efd00000, 0x00000000efe00000|  0%| F|  |TAMS 0x00000000efd00000, 0x00000000efd00000| Untracked 
| 766|0x00000000efe00000, 0x00000000efe00000, 0x00000000eff00000|  0%| F|  |TAMS 0x00000000efe00000, 0x00000000efe00000| Untracked 
| 767|0x00000000eff00000, 0x00000000eff00000, 0x00000000f0000000|  0%| F|  |TAMS 0x00000000eff00000, 0x00000000eff00000| Untracked 
| 768|0x00000000f0000000, 0x00000000f0000000, 0x00000000f0100000|  0%| F|  |TAMS 0x00000000f0000000, 0x00000000f0000000| Untracked 
| 769|0x00000000f0100000, 0x00000000f0100000, 0x00000000f0200000|  0%| F|  |TAMS 0x00000000f0100000, 0x00000000f0100000| Untracked 
| 770|0x00000000f0200000, 0x00000000f0200000, 0x00000000f0300000|  0%| F|  |TAMS 0x00000000f0200000, 0x00000000f0200000| Untracked 
| 771|0x00000000f0300000, 0x00000000f0300000, 0x00000000f0400000|  0%| F|  |TAMS 0x00000000f0300000, 0x00000000f0300000| Untracked 
| 772|0x00000000f0400000, 0x00000000f0400000, 0x00000000f0500000|  0%| F|  |TAMS 0x00000000f0400000, 0x00000000f0400000| Untracked 
| 773|0x00000000f0500000, 0x00000000f0500000, 0x00000000f0600000|  0%| F|  |TAMS 0x00000000f0500000, 0x00000000f0500000| Untracked 
| 774|0x00000000f0600000, 0x00000000f0600000, 0x00000000f0700000|  0%| F|  |TAMS 0x00000000f0600000, 0x00000000f0600000| Untracked 
| 775|0x00000000f0700000, 0x00000000f0700000, 0x00000000f0800000|  0%| F|  |TAMS 0x00000000f0700000, 0x00000000f0700000| Untracked 
| 776|0x00000000f0800000, 0x00000000f0800000, 0x00000000f0900000|  0%| F|  |TAMS 0x00000000f0800000, 0x00000000f0800000| Untracked 
| 777|0x00000000f0900000, 0x00000000f0900000, 0x00000000f0a00000|  0%| F|  |TAMS 0x00000000f0900000, 0x00000000f0900000| Untracked 
| 778|0x00000000f0a00000, 0x00000000f0a00000, 0x00000000f0b00000|  0%| F|  |TAMS 0x00000000f0a00000, 0x00000000f0a00000| Untracked 
| 779|0x00000000f0b00000, 0x00000000f0b00000, 0x00000000f0c00000|  0%| F|  |TAMS 0x00000000f0b00000, 0x00000000f0b00000| Untracked 
| 780|0x00000000f0c00000, 0x00000000f0c00000, 0x00000000f0d00000|  0%| F|  |TAMS 0x00000000f0c00000, 0x00000000f0c00000| Untracked 
| 781|0x00000000f0d00000, 0x00000000f0d00000, 0x00000000f0e00000|  0%| F|  |TAMS 0x00000000f0d00000, 0x00000000f0d00000| Untracked 
| 782|0x00000000f0e00000, 0x00000000f0e00000, 0x00000000f0f00000|  0%| F|  |TAMS 0x00000000f0e00000, 0x00000000f0e00000| Untracked 
| 783|0x00000000f0f00000, 0x00000000f0f00000, 0x00000000f1000000|  0%| F|  |TAMS 0x00000000f0f00000, 0x00000000f0f00000| Untracked 
| 784|0x00000000f1000000, 0x00000000f1000000, 0x00000000f1100000|  0%| F|  |TAMS 0x00000000f1000000, 0x00000000f1000000| Untracked 
| 785|0x00000000f1100000, 0x00000000f1100000, 0x00000000f1200000|  0%| F|  |TAMS 0x00000000f1100000, 0x00000000f1100000| Untracked 
| 786|0x00000000f1200000, 0x00000000f1200000, 0x00000000f1300000|  0%| F|  |TAMS 0x00000000f1200000, 0x00000000f1200000| Untracked 
| 787|0x00000000f1300000, 0x00000000f1300000, 0x00000000f1400000|  0%| F|  |TAMS 0x00000000f1300000, 0x00000000f1300000| Untracked 
| 788|0x00000000f1400000, 0x00000000f1400000, 0x00000000f1500000|  0%| F|  |TAMS 0x00000000f1400000, 0x00000000f1400000| Untracked 
| 789|0x00000000f1500000, 0x00000000f1500000, 0x00000000f1600000|  0%| F|  |TAMS 0x00000000f1500000, 0x00000000f1500000| Untracked 
| 790|0x00000000f1600000, 0x00000000f1600000, 0x00000000f1700000|  0%| F|  |TAMS 0x00000000f1600000, 0x00000000f1600000| Untracked 
| 791|0x00000000f1700000, 0x00000000f1700000, 0x00000000f1800000|  0%| F|  |TAMS 0x00000000f1700000, 0x00000000f1700000| Untracked 
| 792|0x00000000f1800000, 0x00000000f1800000, 0x00000000f1900000|  0%| F|  |TAMS 0x00000000f1800000, 0x00000000f1800000| Untracked 
| 793|0x00000000f1900000, 0x00000000f1900000, 0x00000000f1a00000|  0%| F|  |TAMS 0x00000000f1900000, 0x00000000f1900000| Untracked 
| 794|0x00000000f1a00000, 0x00000000f1a00000, 0x00000000f1b00000|  0%| F|  |TAMS 0x00000000f1a00000, 0x00000000f1a00000| Untracked 
| 795|0x00000000f1b00000, 0x00000000f1b00000, 0x00000000f1c00000|  0%| F|  |TAMS 0x00000000f1b00000, 0x00000000f1b00000| Untracked 
| 796|0x00000000f1c00000, 0x00000000f1c00000, 0x00000000f1d00000|  0%| F|  |TAMS 0x00000000f1c00000, 0x00000000f1c00000| Untracked 
| 797|0x00000000f1d00000, 0x00000000f1d00000, 0x00000000f1e00000|  0%| F|  |TAMS 0x00000000f1d00000, 0x00000000f1d00000| Untracked 
| 798|0x00000000f1e00000, 0x00000000f1e00000, 0x00000000f1f00000|  0%| F|  |TAMS 0x00000000f1e00000, 0x00000000f1e00000| Untracked 
| 799|0x00000000f1f00000, 0x00000000f1f00000, 0x00000000f2000000|  0%| F|  |TAMS 0x00000000f1f00000, 0x00000000f1f00000| Untracked 
| 800|0x00000000f2000000, 0x00000000f2000000, 0x00000000f2100000|  0%| F|  |TAMS 0x00000000f2000000, 0x00000000f2000000| Untracked 
| 801|0x00000000f2100000, 0x00000000f2100000, 0x00000000f2200000|  0%| F|  |TAMS 0x00000000f2100000, 0x00000000f2100000| Untracked 
| 802|0x00000000f2200000, 0x00000000f2200000, 0x00000000f2300000|  0%| F|  |TAMS 0x00000000f2200000, 0x00000000f2200000| Untracked 
| 803|0x00000000f2300000, 0x00000000f2300000, 0x00000000f2400000|  0%| F|  |TAMS 0x00000000f2300000, 0x00000000f2300000| Untracked 
| 804|0x00000000f2400000, 0x00000000f2400000, 0x00000000f2500000|  0%| F|  |TAMS 0x00000000f2400000, 0x00000000f2400000| Untracked 
| 805|0x00000000f2500000, 0x00000000f2500000, 0x00000000f2600000|  0%| F|  |TAMS 0x00000000f2500000, 0x00000000f2500000| Untracked 
| 806|0x00000000f2600000, 0x00000000f2600000, 0x00000000f2700000|  0%| F|  |TAMS 0x00000000f2600000, 0x00000000f2600000| Untracked 
| 807|0x00000000f2700000, 0x00000000f2700000, 0x00000000f2800000|  0%| F|  |TAMS 0x00000000f2700000, 0x00000000f2700000| Untracked 
| 808|0x00000000f2800000, 0x00000000f2800000, 0x00000000f2900000|  0%| F|  |TAMS 0x00000000f2800000, 0x00000000f2800000| Untracked 
| 809|0x00000000f2900000, 0x00000000f2900000, 0x00000000f2a00000|  0%| F|  |TAMS 0x00000000f2900000, 0x00000000f2900000| Untracked 
| 810|0x00000000f2a00000, 0x00000000f2a00000, 0x00000000f2b00000|  0%| F|  |TAMS 0x00000000f2a00000, 0x00000000f2a00000| Untracked 
| 811|0x00000000f2b00000, 0x00000000f2b00000, 0x00000000f2c00000|  0%| F|  |TAMS 0x00000000f2b00000, 0x00000000f2b00000| Untracked 
| 812|0x00000000f2c00000, 0x00000000f2c00000, 0x00000000f2d00000|  0%| F|  |TAMS 0x00000000f2c00000, 0x00000000f2c00000| Untracked 
| 813|0x00000000f2d00000, 0x00000000f2d00000, 0x00000000f2e00000|  0%| F|  |TAMS 0x00000000f2d00000, 0x00000000f2d00000| Untracked 
| 814|0x00000000f2e00000, 0x00000000f2e00000, 0x00000000f2f00000|  0%| F|  |TAMS 0x00000000f2e00000, 0x00000000f2e00000| Untracked 
| 815|0x00000000f2f00000, 0x00000000f2f00000, 0x00000000f3000000|  0%| F|  |TAMS 0x00000000f2f00000, 0x00000000f2f00000| Untracked 
| 816|0x00000000f3000000, 0x00000000f3000000, 0x00000000f3100000|  0%| F|  |TAMS 0x00000000f3000000, 0x00000000f3000000| Untracked 
| 817|0x00000000f3100000, 0x00000000f3100000, 0x00000000f3200000|  0%| F|  |TAMS 0x00000000f3100000, 0x00000000f3100000| Untracked 
| 818|0x00000000f3200000, 0x00000000f3200000, 0x00000000f3300000|  0%| F|  |TAMS 0x00000000f3200000, 0x00000000f3200000| Untracked 
| 819|0x00000000f3300000, 0x00000000f3300000, 0x00000000f3400000|  0%| F|  |TAMS 0x00000000f3300000, 0x00000000f3300000| Untracked 
| 820|0x00000000f3400000, 0x00000000f3400000, 0x00000000f3500000|  0%| F|  |TAMS 0x00000000f3400000, 0x00000000f3400000| Untracked 
| 821|0x00000000f3500000, 0x00000000f3500000, 0x00000000f3600000|  0%| F|  |TAMS 0x00000000f3500000, 0x00000000f3500000| Untracked 
| 822|0x00000000f3600000, 0x00000000f3600000, 0x00000000f3700000|  0%| F|  |TAMS 0x00000000f3600000, 0x00000000f3600000| Untracked 
| 823|0x00000000f3700000, 0x00000000f3700000, 0x00000000f3800000|  0%| F|  |TAMS 0x00000000f3700000, 0x00000000f3700000| Untracked 
| 824|0x00000000f3800000, 0x00000000f3800000, 0x00000000f3900000|  0%| F|  |TAMS 0x00000000f3800000, 0x00000000f3800000| Untracked 
| 825|0x00000000f3900000, 0x00000000f3900000, 0x00000000f3a00000|  0%| F|  |TAMS 0x00000000f3900000, 0x00000000f3900000| Untracked 
| 826|0x00000000f3a00000, 0x00000000f3a00000, 0x00000000f3b00000|  0%| F|  |TAMS 0x00000000f3a00000, 0x00000000f3a00000| Untracked 
| 827|0x00000000f3b00000, 0x00000000f3b00000, 0x00000000f3c00000|  0%| F|  |TAMS 0x00000000f3b00000, 0x00000000f3b00000| Untracked 
| 828|0x00000000f3c00000, 0x00000000f3c00000, 0x00000000f3d00000|  0%| F|  |TAMS 0x00000000f3c00000, 0x00000000f3c00000| Untracked 
| 829|0x00000000f3d00000, 0x00000000f3d00000, 0x00000000f3e00000|  0%| F|  |TAMS 0x00000000f3d00000, 0x00000000f3d00000| Untracked 
| 830|0x00000000f3e00000, 0x00000000f3e00000, 0x00000000f3f00000|  0%| F|  |TAMS 0x00000000f3e00000, 0x00000000f3e00000| Untracked 
| 831|0x00000000f3f00000, 0x00000000f3f00000, 0x00000000f4000000|  0%| F|  |TAMS 0x00000000f3f00000, 0x00000000f3f00000| Untracked 
| 832|0x00000000f4000000, 0x00000000f4000000, 0x00000000f4100000|  0%| F|  |TAMS 0x00000000f4000000, 0x00000000f4000000| Untracked 
| 833|0x00000000f4100000, 0x00000000f4100000, 0x00000000f4200000|  0%| F|  |TAMS 0x00000000f4100000, 0x00000000f4100000| Untracked 
| 834|0x00000000f4200000, 0x00000000f4200000, 0x00000000f4300000|  0%| F|  |TAMS 0x00000000f4200000, 0x00000000f4200000| Untracked 
| 835|0x00000000f4300000, 0x00000000f4300000, 0x00000000f4400000|  0%| F|  |TAMS 0x00000000f4300000, 0x00000000f4300000| Untracked 
| 836|0x00000000f4400000, 0x00000000f4400000, 0x00000000f4500000|  0%| F|  |TAMS 0x00000000f4400000, 0x00000000f4400000| Untracked 
| 837|0x00000000f4500000, 0x00000000f4500000, 0x00000000f4600000|  0%| F|  |TAMS 0x00000000f4500000, 0x00000000f4500000| Untracked 
| 838|0x00000000f4600000, 0x00000000f4600000, 0x00000000f4700000|  0%| F|  |TAMS 0x00000000f4600000, 0x00000000f4600000| Untracked 
| 839|0x00000000f4700000, 0x00000000f4700000, 0x00000000f4800000|  0%| F|  |TAMS 0x00000000f4700000, 0x00000000f4700000| Untracked 
| 840|0x00000000f4800000, 0x00000000f4800000, 0x00000000f4900000|  0%| F|  |TAMS 0x00000000f4800000, 0x00000000f4800000| Untracked 
| 841|0x00000000f4900000, 0x00000000f4900000, 0x00000000f4a00000|  0%| F|  |TAMS 0x00000000f4900000, 0x00000000f4900000| Untracked 
| 842|0x00000000f4a00000, 0x00000000f4a00000, 0x00000000f4b00000|  0%| F|  |TAMS 0x00000000f4a00000, 0x00000000f4a00000| Untracked 
| 843|0x00000000f4b00000, 0x00000000f4b00000, 0x00000000f4c00000|  0%| F|  |TAMS 0x00000000f4b00000, 0x00000000f4b00000| Untracked 
| 844|0x00000000f4c00000, 0x00000000f4c00000, 0x00000000f4d00000|  0%| F|  |TAMS 0x00000000f4c00000, 0x00000000f4c00000| Untracked 
| 845|0x00000000f4d00000, 0x00000000f4d00000, 0x00000000f4e00000|  0%| F|  |TAMS 0x00000000f4d00000, 0x00000000f4d00000| Untracked 
| 846|0x00000000f4e00000, 0x00000000f4e00000, 0x00000000f4f00000|  0%| F|  |TAMS 0x00000000f4e00000, 0x00000000f4e00000| Untracked 
| 847|0x00000000f4f00000, 0x00000000f4f00000, 0x00000000f5000000|  0%| F|  |TAMS 0x00000000f4f00000, 0x00000000f4f00000| Untracked 
| 848|0x00000000f5000000, 0x00000000f5000000, 0x00000000f5100000|  0%| F|  |TAMS 0x00000000f5000000, 0x00000000f5000000| Untracked 
| 849|0x00000000f5100000, 0x00000000f5100000, 0x00000000f5200000|  0%| F|  |TAMS 0x00000000f5100000, 0x00000000f5100000| Untracked 
| 850|0x00000000f5200000, 0x00000000f5200000, 0x00000000f5300000|  0%| F|  |TAMS 0x00000000f5200000, 0x00000000f5200000| Untracked 
| 851|0x00000000f5300000, 0x00000000f5300000, 0x00000000f5400000|  0%| F|  |TAMS 0x00000000f5300000, 0x00000000f5300000| Untracked 
| 852|0x00000000f5400000, 0x00000000f5400000, 0x00000000f5500000|  0%| F|  |TAMS 0x00000000f5400000, 0x00000000f5400000| Untracked 
| 853|0x00000000f5500000, 0x00000000f5500000, 0x00000000f5600000|  0%| F|  |TAMS 0x00000000f5500000, 0x00000000f5500000| Untracked 
| 854|0x00000000f5600000, 0x00000000f5600000, 0x00000000f5700000|  0%| F|  |TAMS 0x00000000f5600000, 0x00000000f5600000| Untracked 
| 855|0x00000000f5700000, 0x00000000f57e63f8, 0x00000000f5800000| 89%| E|  |TAMS 0x00000000f5700000, 0x00000000f5700000| Complete 
| 856|0x00000000f5800000, 0x00000000f5900000, 0x00000000f5900000|100%| E|CS|TAMS 0x00000000f5800000, 0x00000000f5800000| Complete 
| 857|0x00000000f5900000, 0x00000000f5a00000, 0x00000000f5a00000|100%| E|CS|TAMS 0x00000000f5900000, 0x00000000f5900000| Complete 
| 858|0x00000000f5a00000, 0x00000000f5b00000, 0x00000000f5b00000|100%| E|CS|TAMS 0x00000000f5a00000, 0x00000000f5a00000| Complete 
| 859|0x00000000f5b00000, 0x00000000f5c00000, 0x00000000f5c00000|100%| E|CS|TAMS 0x00000000f5b00000, 0x00000000f5b00000| Complete 
| 860|0x00000000f5c00000, 0x00000000f5d00000, 0x00000000f5d00000|100%| E|CS|TAMS 0x00000000f5c00000, 0x00000000f5c00000| Complete 
| 861|0x00000000f5d00000, 0x00000000f5e00000, 0x00000000f5e00000|100%| E|CS|TAMS 0x00000000f5d00000, 0x00000000f5d00000| Complete 
| 862|0x00000000f5e00000, 0x00000000f5f00000, 0x00000000f5f00000|100%| E|CS|TAMS 0x00000000f5e00000, 0x00000000f5e00000| Complete 
| 863|0x00000000f5f00000, 0x00000000f6000000, 0x00000000f6000000|100%| E|CS|TAMS 0x00000000f5f00000, 0x00000000f5f00000| Complete 
| 864|0x00000000f6000000, 0x00000000f6100000, 0x00000000f6100000|100%| E|CS|TAMS 0x00000000f6000000, 0x00000000f6000000| Complete 
| 865|0x00000000f6100000, 0x00000000f6200000, 0x00000000f6200000|100%| E|CS|TAMS 0x00000000f6100000, 0x00000000f6100000| Complete 
| 866|0x00000000f6200000, 0x00000000f6300000, 0x00000000f6300000|100%| E|CS|TAMS 0x00000000f6200000, 0x00000000f6200000| Complete 
| 867|0x00000000f6300000, 0x00000000f6400000, 0x00000000f6400000|100%| E|CS|TAMS 0x00000000f6300000, 0x00000000f6300000| Complete 
| 868|0x00000000f6400000, 0x00000000f6500000, 0x00000000f6500000|100%| E|CS|TAMS 0x00000000f6400000, 0x00000000f6400000| Complete 
| 869|0x00000000f6500000, 0x00000000f6600000, 0x00000000f6600000|100%| E|CS|TAMS 0x00000000f6500000, 0x00000000f6500000| Complete 
| 870|0x00000000f6600000, 0x00000000f6700000, 0x00000000f6700000|100%| E|CS|TAMS 0x00000000f6600000, 0x00000000f6600000| Complete 
| 871|0x00000000f6700000, 0x00000000f6800000, 0x00000000f6800000|100%| E|CS|TAMS 0x00000000f6700000, 0x00000000f6700000| Complete 
| 872|0x00000000f6800000, 0x00000000f6900000, 0x00000000f6900000|100%| E|CS|TAMS 0x00000000f6800000, 0x00000000f6800000| Complete 
| 873|0x00000000f6900000, 0x00000000f6a00000, 0x00000000f6a00000|100%| E|CS|TAMS 0x00000000f6900000, 0x00000000f6900000| Complete 
| 874|0x00000000f6a00000, 0x00000000f6b00000, 0x00000000f6b00000|100%| E|CS|TAMS 0x00000000f6a00000, 0x00000000f6a00000| Complete 
| 875|0x00000000f6b00000, 0x00000000f6c00000, 0x00000000f6c00000|100%| E|CS|TAMS 0x00000000f6b00000, 0x00000000f6b00000| Complete 
| 876|0x00000000f6c00000, 0x00000000f6d00000, 0x00000000f6d00000|100%| E|CS|TAMS 0x00000000f6c00000, 0x00000000f6c00000| Complete 
| 877|0x00000000f6d00000, 0x00000000f6e00000, 0x00000000f6e00000|100%| E|CS|TAMS 0x00000000f6d00000, 0x00000000f6d00000| Complete 
| 878|0x00000000f6e00000, 0x00000000f6f00000, 0x00000000f6f00000|100%| E|CS|TAMS 0x00000000f6e00000, 0x00000000f6e00000| Complete 
| 879|0x00000000f6f00000, 0x00000000f7000000, 0x00000000f7000000|100%| E|CS|TAMS 0x00000000f6f00000, 0x00000000f6f00000| Complete 
| 880|0x00000000f7000000, 0x00000000f7100000, 0x00000000f7100000|100%| E|CS|TAMS 0x00000000f7000000, 0x00000000f7000000| Complete 
| 881|0x00000000f7100000, 0x00000000f7200000, 0x00000000f7200000|100%| E|CS|TAMS 0x00000000f7100000, 0x00000000f7100000| Complete 
| 882|0x00000000f7200000, 0x00000000f7300000, 0x00000000f7300000|100%| E|CS|TAMS 0x00000000f7200000, 0x00000000f7200000| Complete 

Card table byte_map: [0x00000265e7150000,0x00000265e7350000] _byte_map_base: 0x00000265e6b50000

Marking Bits (Prev, Next): (CMBitMap*) 0x00000265d042aca0, (CMBitMap*) 0x00000265d042ace0
 Prev Bits: [0x00000265e7550000, 0x00000265e8550000)
 Next Bits: [0x00000265e8550000, 0x00000265e9550000)

Polling page: 0x00000265ce710000

Metaspace:

Usage:
  Non-class:    208.40 MB used.
      Class:     29.86 MB used.
       Both:    238.26 MB used.

Virtual space:
  Non-class space:      256.00 MB reserved,     209.06 MB ( 82%) committed,  4 nodes.
      Class space:        1.00 GB reserved,      30.44 MB (  3%) committed,  1 nodes.
             Both:        1.25 GB reserved,     239.50 MB ( 19%) committed. 

Chunk freelists:
   Non-Class:  14.02 MB
       Class:  1.57 MB
        Both:  15.58 MB

MaxMetaspaceSize: unlimited
CompressedClassSpaceSize: 1.00 GB
Initial GC threshold: 21.00 MB
Current GC threshold: 394.06 MB
CDS: on
MetaspaceReclaimPolicy: balanced
 - commit_granule_bytes: 65536.
 - commit_granule_words: 8192.
 - virtual_space_node_default_size: 8388608.
 - enlarge_chunks_in_place: 1.
 - new_chunks_are_fully_committed: 0.
 - uncommit_free_chunks: 1.
 - use_allocation_guard: 0.
 - handle_deallocations: 1.


Internal statistics:

num_allocs_failed_limit: 3.
num_arena_births: 2050.
num_arena_deaths: 8.
num_vsnodes_births: 5.
num_vsnodes_deaths: 0.
num_space_committed: 3891.
num_space_uncommitted: 64.
num_chunks_returned_to_freelist: 343.
num_chunks_taken_from_freelist: 12210.
num_chunk_merges: 71.
num_chunk_splits: 8746.
num_chunks_enlarged: 6567.
num_inconsistent_stats: 0.

CodeHeap 'non-profiled nmethods': size=120000Kb used=13941Kb max_used=14070Kb free=106058Kb
 bounds [0x00000265dfa20000, 0x00000265e07e0000, 0x00000265e6f50000]
CodeHeap 'profiled nmethods': size=120000Kb used=55476Kb max_used=56997Kb free=64523Kb
 bounds [0x00000265d7f50000, 0x00000265db760000, 0x00000265df480000]
CodeHeap 'non-nmethods': size=5760Kb used=2107Kb max_used=2169Kb free=3652Kb
 bounds [0x00000265df480000, 0x00000265df6f0000, 0x00000265dfa20000]
 total_blobs=28351 nmethods=27076 adapters=1184
 compilation: enabled
              stopped_count=0, restarted_count=0
 full_count=0

Compilation events (20 events):
Event: 118.869 Thread 0x00000265eb9fa800 35125       1       java.lang.management.DefaultPlatformMBeanProvider$2::mbeanInterfaceNames (5 bytes)
Event: 118.869 Thread 0x00000265eb9fa800 nmethod 35125 0x00000265e02fa710 code [0x00000265e02fa8a0, 0x00000265e02fa978]
Event: 118.869 Thread 0x00000265eb9fa800 35126       1       java.lang.management.DefaultPlatformMBeanProvider$9::mbeanInterfaceNames (5 bytes)
Event: 118.869 Thread 0x00000265eb9fa800 nmethod 35126 0x00000265e0664d90 code [0x00000265e0664f20, 0x00000265e0664ff8]
Event: 118.869 Thread 0x00000265eb9fa800 35127       1       com.sun.management.internal.PlatformMBeanProviderImpl$5::mbeanInterfaceNames (5 bytes)
Event: 118.869 Thread 0x00000265eb9fa800 nmethod 35127 0x00000265e0664a90 code [0x00000265e0664c20, 0x00000265e0664cf8]
Event: 118.869 Thread 0x00000265eb9fa800 35128       1       com.sun.management.internal.PlatformMBeanProviderImpl$1::mbeanInterfaceNames (5 bytes)
Event: 118.869 Thread 0x00000265eb9fa800 nmethod 35128 0x00000265e0664790 code [0x00000265e0664920, 0x00000265e06649f8]
Event: 118.950 Thread 0x00000265eb9f3e20 nmethod 35114% 0x00000265e05ef290 code [0x00000265e05efa40, 0x00000265e05f4c28]
Event: 118.952 Thread 0x00000265eb9f3e20 35107       4       com.android.tools.r8.dex.i0::a (63 bytes)
Event: 118.958 Thread 0x00000265eb9f3e20 nmethod 35107 0x00000265e0337210 code [0x00000265e03373c0, 0x00000265e0337658]
Event: 118.958 Thread 0x00000265eb9f3e20 35105       4       com.android.tools.r8.dex.i0$$Lambda$5300/0x0000026582ead868::accept (12 bytes)
Event: 119.015 Thread 0x00000265eb9fa800 35129       1       com.android.build.gradle.internal.profile.ProjectData::getProjectBuilder (5 bytes)
Event: 119.016 Thread 0x00000265eb9fa800 nmethod 35129 0x00000265e0664490 code [0x00000265e0664620, 0x00000265e06646f8]
Event: 119.036 Thread 0x00000265eb9f3e20 nmethod 35105 0x00000265e0747b10 code [0x00000265e0747e00, 0x00000265e0749bd0]
Event: 119.036 Thread 0x00000265eb9f3e20 35106       4       com.android.tools.r8.dex.i0::a (135 bytes)
Event: 119.097 Thread 0x00000265eb9f3e20 nmethod 35106 0x00000265e0676010 code [0x00000265e0676300, 0x00000265e0677f30]
Event: 119.097 Thread 0x00000265eb9f3e20 35069       4       com.android.tools.r8.graph.xb$$Lambda$5231/0x0000026582bcaa80::applyAsInt (12 bytes)
Event: 119.102 Thread 0x00000265eb9f3e20 nmethod 35069 0x00000265e0747390 code [0x00000265e0747540, 0x00000265e0747828]
Event: 119.102 Thread 0x00000265eb9f3e20 35085       4       com.android.tools.r8.dex.f0::a (36 bytes)

GC Heap History (20 events):
Event: 96.025 GC heap before
{Heap before GC invocations=103 (full 0):
 garbage-first heap   total 577536K, used 472576K [0x00000000c0000000, 0x0000000100000000)
  region size 1024K, 50 young (51200K), 9 survivors (9216K)
 Metaspace       used 240865K, committed 242048K, reserved 1310720K
  class space    used 30109K, committed 30656K, reserved 1048576K
}
Event: 96.107 GC heap after
{Heap after GC invocations=104 (full 0):
 garbage-first heap   total 700416K, used 452608K [0x00000000c0000000, 0x0000000100000000)
  region size 1024K, 7 young (7168K), 7 survivors (7168K)
 Metaspace       used 240865K, committed 242048K, reserved 1310720K
  class space    used 30109K, committed 30656K, reserved 1048576K
}
Event: 96.712 GC heap before
{Heap before GC invocations=104 (full 0):
 garbage-first heap   total 700416K, used 537600K [0x00000000c0000000, 0x0000000100000000)
  region size 1024K, 91 young (93184K), 7 survivors (7168K)
 Metaspace       used 240871K, committed 242048K, reserved 1310720K
  class space    used 30109K, committed 30656K, reserved 1048576K
}
Event: 96.881 GC heap after
{Heap after GC invocations=105 (full 0):
 garbage-first heap   total 700416K, used 496128K [0x00000000c0000000, 0x0000000100000000)
  region size 1024K, 12 young (12288K), 12 survivors (12288K)
 Metaspace       used 240871K, committed 242048K, reserved 1310720K
  class space    used 30109K, committed 30656K, reserved 1048576K
}
Event: 98.635 GC heap before
{Heap before GC invocations=105 (full 0):
 garbage-first heap   total 700416K, used 564736K [0x00000000c0000000, 0x0000000100000000)
  region size 1024K, 73 young (74752K), 12 survivors (12288K)
 Metaspace       used 243601K, committed 244864K, reserved 1310720K
  class space    used 30475K, committed 31104K, reserved 1048576K
}
Event: 98.712 GC heap after
{Heap after GC invocations=106 (full 0):
 garbage-first heap   total 700416K, used 520704K [0x00000000c0000000, 0x0000000100000000)
  region size 1024K, 10 young (10240K), 10 survivors (10240K)
 Metaspace       used 243601K, committed 244864K, reserved 1310720K
  class space    used 30475K, committed 31104K, reserved 1048576K
}
Event: 102.408 GC heap before
{Heap before GC invocations=107 (full 0):
 garbage-first heap   total 867328K, used 524800K [0x00000000c0000000, 0x0000000100000000)
  region size 1024K, 61 young (62464K), 10 survivors (10240K)
 Metaspace       used 236868K, committed 242112K, reserved 1310720K
  class space    used 29684K, committed 30912K, reserved 1048576K
}
Event: 102.447 GC heap after
{Heap after GC invocations=108 (full 0):
 garbage-first heap   total 867328K, used 477696K [0x00000000c0000000, 0x0000000100000000)
  region size 1024K, 4 young (4096K), 4 survivors (4096K)
 Metaspace       used 236868K, committed 242112K, reserved 1310720K
  class space    used 29684K, committed 30912K, reserved 1048576K
}
Event: 103.747 GC heap before
{Heap before GC invocations=108 (full 0):
 garbage-first heap   total 867328K, used 515584K [0x00000000c0000000, 0x0000000100000000)
  region size 1024K, 42 young (43008K), 4 survivors (4096K)
 Metaspace       used 237839K, committed 242112K, reserved 1310720K
  class space    used 29840K, committed 30912K, reserved 1048576K
}
Event: 103.923 GC heap after
{Heap after GC invocations=109 (full 0):
 garbage-first heap   total 867328K, used 444416K [0x00000000c0000000, 0x0000000100000000)
  region size 1024K, 6 young (6144K), 6 survivors (6144K)
 Metaspace       used 237839K, committed 242112K, reserved 1310720K
  class space    used 29840K, committed 30912K, reserved 1048576K
}
Event: 108.130 GC heap before
{Heap before GC invocations=109 (full 0):
 garbage-first heap   total 867328K, used 623616K [0x00000000c0000000, 0x0000000100000000)
  region size 1024K, 179 young (183296K), 6 survivors (6144K)
 Metaspace       used 239638K, committed 242112K, reserved 1310720K
  class space    used 30061K, committed 30912K, reserved 1048576K
}
Event: 108.180 GC heap after
{Heap after GC invocations=110 (full 0):
 garbage-first heap   total 904192K, used 463114K [0x00000000c0000000, 0x0000000100000000)
  region size 1024K, 22 young (22528K), 22 survivors (22528K)
 Metaspace       used 239638K, committed 242112K, reserved 1310720K
  class space    used 30061K, committed 30912K, reserved 1048576K
}
Event: 112.244 GC heap before
{Heap before GC invocations=110 (full 0):
 garbage-first heap   total 904192K, used 640266K [0x00000000c0000000, 0x0000000100000000)
  region size 1024K, 164 young (167936K), 22 survivors (22528K)
 Metaspace       used 243199K, committed 244416K, reserved 1310720K
  class space    used 30504K, committed 31104K, reserved 1048576K
}
Event: 112.335 GC heap after
{Heap after GC invocations=111 (full 0):
 garbage-first heap   total 904192K, used 492953K [0x00000000c0000000, 0x0000000100000000)
  region size 1024K, 10 young (10240K), 10 survivors (10240K)
 Metaspace       used 243199K, committed 244416K, reserved 1310720K
  class space    used 30504K, committed 31104K, reserved 1048576K
}
Event: 113.745 GC heap before
{Heap before GC invocations=111 (full 0):
 garbage-first heap   total 904192K, used 602521K [0x00000000c0000000, 0x0000000100000000)
  region size 1024K, 109 young (111616K), 10 survivors (10240K)
 Metaspace       used 243512K, committed 244800K, reserved 1310720K
  class space    used 30529K, committed 31168K, reserved 1048576K
}
Event: 113.796 GC heap after
{Heap after GC invocations=112 (full 0):
 garbage-first heap   total 904192K, used 510848K [0x00000000c0000000, 0x0000000100000000)
  region size 1024K, 9 young (9216K), 9 survivors (9216K)
 Metaspace       used 243512K, committed 244800K, reserved 1310720K
  class space    used 30529K, committed 31168K, reserved 1048576K
}
Event: 115.851 GC heap before
{Heap before GC invocations=112 (full 0):
 garbage-first heap   total 904192K, used 723840K [0x00000000c0000000, 0x0000000100000000)
  region size 1024K, 183 young (187392K), 9 survivors (9216K)
 Metaspace       used 243870K, committed 245120K, reserved 1310720K
  class space    used 30571K, committed 31168K, reserved 1048576K
}
Event: 115.916 GC heap after
{Heap after GC invocations=113 (full 0):
 garbage-first heap   total 904192K, used 573824K [0x00000000c0000000, 0x0000000100000000)
  region size 1024K, 27 young (27648K), 27 survivors (27648K)
 Metaspace       used 243870K, committed 245120K, reserved 1310720K
  class space    used 30571K, committed 31168K, reserved 1048576K
}
Event: 117.106 GC heap before
{Heap before GC invocations=113 (full 0):
 garbage-first heap   total 904192K, used 756096K [0x00000000c0000000, 0x0000000100000000)
  region size 1024K, 172 young (176128K), 27 survivors (27648K)
 Metaspace       used 243936K, committed 245184K, reserved 1310720K
  class space    used 30571K, committed 31168K, reserved 1048576K
}
Event: 117.149 GC heap after
{Heap after GC invocations=114 (full 0):
 garbage-first heap   total 904192K, used 611654K [0x00000000c0000000, 0x0000000100000000)
  region size 1024K, 3 young (3072K), 3 survivors (3072K)
 Metaspace       used 243936K, committed 245184K, reserved 1310720K
  class space    used 30571K, committed 31168K, reserved 1048576K
}

Dll operation events (19 events):
Event: 0.022 Loaded shared library C:\Program Files\Eclipse Adoptium\jdk-17.0.20.101-hotspot\bin\java.dll
Event: 0.050 Loaded shared library C:\Program Files\Eclipse Adoptium\jdk-17.0.20.101-hotspot\bin\jsvml.dll
Event: 0.170 Loaded shared library C:\Program Files\Eclipse Adoptium\jdk-17.0.20.101-hotspot\bin\zip.dll
Event: 0.175 Loaded shared library C:\Program Files\Eclipse Adoptium\jdk-17.0.20.101-hotspot\bin\instrument.dll
Event: 0.185 Loaded shared library C:\Program Files\Eclipse Adoptium\jdk-17.0.20.101-hotspot\bin\net.dll
Event: 0.188 Loaded shared library C:\Program Files\Eclipse Adoptium\jdk-17.0.20.101-hotspot\bin\nio.dll
Event: 0.193 Loaded shared library C:\Program Files\Eclipse Adoptium\jdk-17.0.20.101-hotspot\bin\zip.dll
Event: 0.725 Loaded shared library C:\Program Files\Eclipse Adoptium\jdk-17.0.20.101-hotspot\bin\jimage.dll
Event: 1.108 Loaded shared library C:\Program Files\Eclipse Adoptium\jdk-17.0.20.101-hotspot\bin\verify.dll
Event: 1.206 Loaded shared library C:\Users\herre\.gradle\native\1def1411415f61bf3af743bc5b6707747c0891f09f0c88961ee8f79bc544acac\windows-amd64\native-platform.dll
Event: 1.238 Loaded shared library C:\Users\herre\.gradle\native\0.2.8\x86_64-windows-gnu\gradle-fileevents.dll
Event: 3.800 Loaded shared library C:\Program Files\Eclipse Adoptium\jdk-17.0.20.101-hotspot\bin\management.dll
Event: 3.806 Loaded shared library C:\Program Files\Eclipse Adoptium\jdk-17.0.20.101-hotspot\bin\management_ext.dll
Event: 4.289 Loaded shared library C:\Program Files\Eclipse Adoptium\jdk-17.0.20.101-hotspot\bin\extnet.dll
Event: 4.773 Loaded shared library C:\Program Files\Eclipse Adoptium\jdk-17.0.20.101-hotspot\bin\sunmscapi.dll
Event: 74.737 Loaded shared library C:\Program Files\Eclipse Adoptium\jdk-17.0.20.101-hotspot\bin\awt.dll
Event: 86.431 Loaded shared library C:\Users\herre\AppData\Local\Temp\sqlite-3.41.2.2-9312dbed-dafa-4bfa-878d-3c11937c8de9-sqlitejdbc.dll
Event: 100.455 Unloaded dll "C:\Users\herre\AppData\Local\Temp\sqlite-3.41.2.2-9312dbed-dafa-4bfa-878d-3c11937c8de9-sqlitejdbc.dll" [0x00007ff94d070000]
Event: 110.156 Loaded shared library C:\Program Files\Eclipse Adoptium\jdk-17.0.20.101-hotspot\bin\rmi.dll

Deoptimization events (20 events):
Event: 118.255 Thread 0x0000026604d9fd10 DEOPT PACKING pc=0x00000265d895f020 sp=0x000000d142afe600
Event: 118.255 Thread 0x0000026604d9fd10 DEOPT UNPACKING pc=0x00000265df4d7143 sp=0x000000d142afdb10 mode 0
Event: 118.261 Thread 0x0000026604d9fd10 DEOPT PACKING pc=0x00000265d895f020 sp=0x000000d142afe600
Event: 118.261 Thread 0x0000026604d9fd10 DEOPT UNPACKING pc=0x00000265df4d7143 sp=0x000000d142afdb10 mode 0
Event: 118.264 Thread 0x0000026604d9fd10 DEOPT PACKING pc=0x00000265d895f020 sp=0x000000d142afe600
Event: 118.264 Thread 0x0000026604d9fd10 DEOPT UNPACKING pc=0x00000265df4d7143 sp=0x000000d142afdb10 mode 0
Event: 118.268 Thread 0x0000026604d9fd10 DEOPT PACKING pc=0x00000265d895f020 sp=0x000000d142afe600
Event: 118.268 Thread 0x0000026604d9fd10 DEOPT UNPACKING pc=0x00000265df4d7143 sp=0x000000d142afdb10 mode 0
Event: 118.459 Thread 0x0000026604d9fd10 DEOPT PACKING pc=0x00000265da3fd7ca sp=0x000000d142afe560
Event: 118.459 Thread 0x0000026604d9fd10 DEOPT UNPACKING pc=0x00000265df4d7143 sp=0x000000d142afda08 mode 0
Event: 118.471 Thread 0x0000026604da7180 DEOPT PACKING pc=0x00000265dafe5692 sp=0x000000d144bfe3e0
Event: 118.471 Thread 0x0000026604da7180 DEOPT UNPACKING pc=0x00000265df4d7143 sp=0x000000d144bfd878 mode 0
Event: 118.705 Thread 0x0000026604d9fd10 DEOPT PACKING pc=0x00000265dafe5692 sp=0x000000d142afe8e0
Event: 118.705 Thread 0x0000026604d9fd10 DEOPT UNPACKING pc=0x00000265df4d7143 sp=0x000000d142afdd78 mode 0
Event: 118.713 Thread 0x0000026604d9fd10 DEOPT PACKING pc=0x00000265dafe5692 sp=0x000000d142afe8e0
Event: 118.713 Thread 0x0000026604d9fd10 DEOPT UNPACKING pc=0x00000265df4d7143 sp=0x000000d142afdd78 mode 0
Event: 118.726 Thread 0x0000026604d9fd10 DEOPT PACKING pc=0x00000265dafe5692 sp=0x000000d142afe8e0
Event: 118.726 Thread 0x0000026604d9fd10 DEOPT UNPACKING pc=0x00000265df4d7143 sp=0x000000d142afdd78 mode 0
Event: 118.746 Thread 0x0000026604d9fd10 DEOPT PACKING pc=0x00000265dafe5692 sp=0x000000d142afe8e0
Event: 118.746 Thread 0x0000026604d9fd10 DEOPT UNPACKING pc=0x00000265df4d7143 sp=0x000000d142afdd78 mode 0

Classes loaded (20 events):
Event: 110.963 Loading class sun/rmi/transport/DGCAckHandler$1
Event: 110.963 Loading class sun/rmi/transport/DGCAckHandler$1 done
Event: 111.131 Loading class sun/rmi/transport/tcp/TCPTransport$ConnectionHandler
Event: 111.131 Loading class sun/rmi/transport/tcp/TCPTransport$ConnectionHandler done
Event: 111.142 Loading class sun/rmi/transport/Transport$1
Event: 111.142 Loading class sun/rmi/transport/Transport$1 done
Event: 111.143 Loading class sun/rmi/transport/DGCImpl$LeaseInfo
Event: 111.144 Loading class sun/rmi/transport/DGCImpl$LeaseInfo done
Event: 111.144 Loading class sun/rmi/transport/DGCImpl$1
Event: 111.144 Loading class sun/rmi/transport/DGCImpl$1 done
Event: 111.144 Loading class sun/rmi/transport/SequenceEntry
Event: 111.144 Loading class sun/rmi/transport/SequenceEntry done
Event: 113.042 Loading class java/util/IdentityHashMap$EntryIterator
Event: 113.043 Loading class java/util/IdentityHashMap$EntryIterator done
Event: 113.064 Loading class java/util/IdentityHashMap$EntryIterator$Entry
Event: 113.065 Loading class java/util/IdentityHashMap$EntryIterator$Entry done
Event: 114.133 Loading class java/nio/ByteBufferAsShortBufferL
Event: 114.134 Loading class java/nio/ByteBufferAsShortBufferL done
Event: 114.427 Loading class java/util/zip/Adler32
Event: 114.428 Loading class java/util/zip/Adler32 done

Classes unloaded (20 events):
Event: 100.023 Thread 0x00000265eb9bb640 Unloading class 0x000002658297aaa0 'androidx/room/compiler/processing/ksp/KspProcessingEnv$isKsp2$2'
Event: 100.023 Thread 0x00000265eb9bb640 Unloading class 0x000002658297a860 'androidx/room/compiler/processing/ksp/KspProcessingEnv$jvmVersion$2'
Event: 100.023 Thread 0x00000265eb9bb640 Unloading class 0x000002658297a430 'androidx/room/compiler/processing/XProcessingEnv$Platform'
Event: 100.023 Thread 0x00000265eb9bb640 Unloading class 0x000002658297a1f0 'androidx/room/compiler/processing/ksp/KspProcessingEnv$jvmPlatformInfo$2'
Event: 100.023 Thread 0x00000265eb9bb640 Unloading class 0x0000026582979cc8 'androidx/room/compiler/processing/XProcessingEnv$Backend'
Event: 100.023 Thread 0x00000265eb9bb640 Unloading class 0x0000026582979ac8 'androidx/room/compiler/processing/XProcessingEnv$Companion'
Event: 100.023 Thread 0x00000265eb9bb640 Unloading class 0x0000026582979738 'androidx/room/compiler/processing/ksp/KspProcessingEnv'
Event: 100.023 Thread 0x00000265eb9bb640 Unloading class 0x0000026582979540 'androidx/room/compiler/processing/XProcessingEnv'
Event: 100.023 Thread 0x00000265eb9bb640 Unloading class 0x0000026582979300 'androidx/room/compiler/processing/ksp/KspBasicAnnotationProcessor$DelegateLogger'
Event: 100.023 Thread 0x00000265eb9bb640 Unloading class 0x0000026582978ec8 'androidx/room/processor/Context$BooleanProcessorOptions'
Event: 100.023 Thread 0x00000265eb9bb640 Unloading class 0x0000026582978cc0 'androidx/room/compiler/processing/XProcessingEnvConfig$Builder'
Event: 100.023 Thread 0x00000265eb9bb640 Unloading class 0x0000026582978ac0 'androidx/room/compiler/processing/XProcessingEnvConfig$Companion'
Event: 100.023 Thread 0x00000265eb9bb640 Unloading class 0x00000265829788c0 'androidx/room/compiler/processing/XProcessingEnvConfig'
Event: 100.023 Thread 0x00000265eb9bb640 Unloading class 0x00000265829786c0 'androidx/room/DatabaseProcessingStep$Companion'
Event: 100.023 Thread 0x00000265eb9bb640 Unloading class 0x0000026582978480 'androidx/room/DatabaseProcessingStep'
Event: 100.023 Thread 0x00000265eb9bb640 Unloading class 0x0000026582978288 'androidx/room/compiler/processing/XProcessingStep'
Event: 100.023 Thread 0x00000265eb9bb640 Unloading class 0x0000026582978000 'androidx/room/RoomKspProcessor'
Event: 100.023 Thread 0x00000265eb9bb640 Unloading class 0x00000265824b0c10 'androidx/room/compiler/processing/ksp/KspBasicAnnotationProcessor'
Event: 100.023 Thread 0x00000265eb9bb640 Unloading class 0x00000265824b0a18 'androidx/room/compiler/processing/XBasicAnnotationProcessor'
Event: 100.023 Thread 0x00000265eb9bb640 Unloading class 0x00000265824b0800 'androidx/room/RoomKspProcessor$Provider'

Classes redefined (0 events):
No events

Internal exceptions (20 events):
Event: 109.525 Thread 0x000002660462be70 Exception <a 'sun/nio/fs/WindowsException'{0x00000000f41a3ec8}> (0x00000000f41a3ec8) 
thrown [s\src\hotspot\share\prims\jni.cpp, line 516]
Event: 109.525 Thread 0x000002660462be70 Exception <a 'sun/nio/fs/WindowsException'{0x00000000f41a4090}> (0x00000000f41a4090) 
thrown [s\src\hotspot\share\prims\jni.cpp, line 516]
Event: 109.638 Thread 0x000002660462be70 Exception <a 'sun/nio/fs/WindowsException'{0x00000000f3ff8370}> (0x00000000f3ff8370) 
thrown [s\src\hotspot\share\prims\jni.cpp, line 516]
Event: 110.135 Thread 0x0000026605365cf0 Exception <a 'java/lang/NoSuchMethodError'{0x00000000f2811ed8}: static Lorg/jetbrains/kotlin/daemon/common/LoopbackNetworkInterface$AbstractClientLoopbackSocketFactory;.<clinit>()V> (0x00000000f2811ed8) 
thrown [s\src\hotspot\share\prims\jni.cpp, line 1112]
Event: 110.136 Thread 0x0000026605365cf0 Exception <a 'java/lang/NoSuchMethodError'{0x00000000f281df38}: static Lorg/jetbrains/kotlin/daemon/common/LoopbackNetworkInterface$ClientLoopbackSocketFactory;.<clinit>()V> (0x00000000f281df38) 
thrown [s\src\hotspot\share\prims\jni.cpp, line 1112]
Event: 110.180 Thread 0x0000026605365cf0 Exception <a 'java/lang/NoSuchMethodError'{0x00000000f2723258}: static [Ljava/rmi/server/ObjID;.<clinit>()V> (0x00000000f2723258) 
thrown [s\src\hotspot\share\prims\jni.cpp, line 1112]
Event: 110.185 Thread 0x0000026605365cf0 Exception <a 'java/lang/NoSuchMethodError'{0x00000000f269bc78}: static [B.<clinit>()V> (0x00000000f269bc78) 
thrown [s\src\hotspot\share\prims\jni.cpp, line 1112]
Event: 110.375 Thread 0x0000026604da4900 Exception <a 'java/lang/InterruptedException'{0x00000000f2100000}> (0x00000000f2100000) 
thrown [s\src\hotspot\share\runtime\objectMonitor.cpp, line 1658]
Event: 110.377 Thread 0x0000026604da4900 Exception <a 'java/lang/NoSuchMethodError'{0x00000000f2101460}: 'java.lang.Object java.lang.invoke.DirectMethodHandle$Holder.invokeSpecial(java.lang.Object, java.lang.Object, int, java.lang.Object, long)'> (0x00000000f2101460) 
thrown [s\src\hotspot\share\interpreter\linkResolver.cpp, line 759]
Event: 110.378 Thread 0x0000026604da4900 Exception <a 'java/lang/NoSuchMethodError'{0x00000000f21088f8}: 'java.lang.Object java.lang.invoke.DirectMethodHandle$Holder.newInvokeSpecial(java.lang.Object, java.lang.Object, int, java.lang.Object, long)'> (0x00000000f21088f8) 
thrown [s\src\hotspot\share\interpreter\linkResolver.cpp, line 759]
Event: 110.758 Thread 0x0000026605365cf0 Exception <a 'java/lang/NoSuchMethodError'{0x00000000f1701e58}: static Lorg/jetbrains/kotlin/daemon/common/CompileService$CallResult;.<clinit>()V> (0x00000000f1701e58) 
thrown [s\src\hotspot\share\prims\jni.cpp, line 1112]
Event: 110.758 Thread 0x0000026605365cf0 Exception <a 'java/lang/NoSuchMethodError'{0x00000000f170dd08}: static Lorg/jetbrains/kotlin/daemon/common/CompileService$CallResult$Good;.<clinit>()V> (0x00000000f170dd08) 
thrown [s\src\hotspot\share\prims\jni.cpp, line 1112]
Event: 110.760 Thread 0x0000026605365cf0 Exception <a 'java/lang/NoSuchMethodError'{0x00000000f171b218}: static Lorg/jetbrains/kotlin/daemon/common/DaemonJVMOptions;.<clinit>()V> (0x00000000f171b218) 
thrown [s\src\hotspot\share\prims\jni.cpp, line 1112]
Event: 110.819 Thread 0x0000026605365cf0 Exception <a 'java/lang/NoSuchMethodError'{0x00000000f17e61d0}: static Lorg/jetbrains/kotlin/daemon/common/CompileService$CallResult$Ok;.<clinit>()V> (0x00000000f17e61d0) 
thrown [s\src\hotspot\share\prims\jni.cpp, line 1112]
Event: 110.893 Thread 0x0000026605365cf0 Exception <a 'java/lang/NoSuchMethodError'{0x00000000f133bbe8}: static [Ljava/lang/Integer;.<clinit>()V> (0x00000000f133bbe8) 
thrown [s\src\hotspot\share\prims\jni.cpp, line 1112]
Event: 113.654 Thread 0x0000026604da4e10 Exception <a 'java/lang/IncompatibleClassChangeError'{0x00000000f16e5158}: Found class java.lang.Object, but interface was expected> (0x00000000f16e5158) 
thrown [s\src\hotspot\share\interpreter\linkResolver.cpp, line 826]
Event: 114.226 Thread 0x0000026604da4e10 Exception <a 'java/lang/NoSuchMethodError'{0x00000000f57077e8}: 'void java.lang.invoke.DirectMethodHandle$Holder.invokeSpecial(java.lang.Object, java.lang.Object, int)'> (0x00000000f57077e8) 
thrown [s\src\hotspot\share\interpreter\linkResolver.cpp, line 759]
Event: 114.439 Thread 0x0000026604da4e10 Exception <a 'sun/nio/fs/WindowsException'{0x00000000f4f1d7e8}> (0x00000000f4f1d7e8) 
thrown [s\src\hotspot\share\prims\jni.cpp, line 516]
Event: 118.582 Thread 0x0000026604da7180 Exception <a 'sun/nio/fs/WindowsException'{0x00000000f5c50170}> (0x00000000f5c50170) 
thrown [s\src\hotspot\share\prims\jni.cpp, line 516]
Event: 118.880 Thread 0x0000026604d9fd10 Exception <a 'sun/nio/fs/WindowsException'{0x00000000f58f1ad8}> (0x00000000f58f1ad8) 
thrown [s\src\hotspot\share\prims\jni.cpp, line 516]

VM Operations (20 events):
Event: 114.139 Executing VM operation: HandshakeAllThreads done
Event: 114.847 Executing VM operation: HandshakeAllThreads
Event: 114.848 Executing VM operation: HandshakeAllThreads done
Event: 114.848 Executing VM operation: Cleanup
Event: 114.848 Executing VM operation: Cleanup done
Event: 115.092 Executing VM operation: ICBufferFull
Event: 115.097 Executing VM operation: ICBufferFull done
Event: 115.708 Executing VM operation: HandshakeAllThreads
Event: 115.715 Executing VM operation: HandshakeAllThreads done
Event: 115.846 Executing VM operation: G1TryInitiateConcMark
Event: 115.916 Executing VM operation: G1TryInitiateConcMark done
Event: 115.982 Executing VM operation: HandshakeAllThreads
Event: 116.031 Executing VM operation: HandshakeAllThreads done
Event: 117.031 Executing VM operation: Cleanup
Event: 117.031 Executing VM operation: Cleanup done
Event: 117.106 Executing VM operation: G1TryInitiateConcMark
Event: 117.149 Executing VM operation: G1TryInitiateConcMark done
Event: 118.150 Executing VM operation: Cleanup
Event: 118.150 Executing VM operation: Cleanup done
Event: 119.120 Executing VM operation: G1PauseRemark

Memory protections (0 events):
No events

Nmethod flushes (20 events):
Event: 116.100 Thread 0x00000265eb9dc620 flushing  nmethod 0x00000265db6b0d90
Event: 116.100 Thread 0x00000265eb9dc620 flushing  nmethod 0x00000265db6b1110
Event: 116.100 Thread 0x00000265eb9dc620 flushing  nmethod 0x00000265db6b2310
Event: 116.100 Thread 0x00000265eb9dc620 flushing  nmethod 0x00000265db6b2c90
Event: 116.100 Thread 0x00000265eb9dc620 flushing  nmethod 0x00000265db6b3090
Event: 116.100 Thread 0x00000265eb9dc620 flushing  nmethod 0x00000265db6b5090
Event: 116.100 Thread 0x00000265eb9dc620 flushing  nmethod 0x00000265db6b5510
Event: 116.100 Thread 0x00000265eb9dc620 flushing  nmethod 0x00000265db6b5b90
Event: 116.100 Thread 0x00000265eb9dc620 flushing  nmethod 0x00000265db6b6590
Event: 116.100 Thread 0x00000265eb9dc620 flushing  nmethod 0x00000265db6b6990
Event: 116.100 Thread 0x00000265eb9dc620 flushing  nmethod 0x00000265db6bac90
Event: 116.100 Thread 0x00000265eb9dc620 flushing  nmethod 0x00000265db6bb310
Event: 116.100 Thread 0x00000265eb9dc620 flushing  nmethod 0x00000265db6c0a10
Event: 116.100 Thread 0x00000265eb9dc620 flushing  nmethod 0x00000265db6c1110
Event: 116.100 Thread 0x00000265eb9dc620 flushing  nmethod 0x00000265db6c1490
Event: 116.100 Thread 0x00000265eb9dc620 flushing  nmethod 0x00000265db6c1890
Event: 116.101 Thread 0x00000265eb9dc620 flushing  nmethod 0x00000265db6cc490
Event: 116.101 Thread 0x00000265eb9dc620 flushing  nmethod 0x00000265db6d6610
Event: 116.101 Thread 0x00000265eb9dc620 flushing  nmethod 0x00000265db6d9a90
Event: 116.101 Thread 0x00000265eb9dc620 flushing  nmethod 0x00000265db6d9e90

Events (20 events):
Event: 76.522 Thread 0x000002660462be70 Thread added: 0x00000266033d6db0
Event: 82.144 Thread 0x000002660462f110 Thread added: 0x0000026603bff7a0
Event: 84.178 Thread 0x00000265f0dd5360 Thread exited: 0x00000265f0dd5360
Event: 88.354 Thread 0x0000026605363e90 Thread added: 0x0000026604d9fd10
Event: 93.268 Thread 0x0000026604d9fd10 Thread exited: 0x0000026604d9fd10
Event: 93.508 Thread 0x00000265f0dd5870 Thread added: 0x0000026604d9fd10
Event: 93.514 Thread 0x0000026604d9fd10 Thread added: 0x0000026604da4e10
Event: 93.517 Thread 0x0000026604da4e10 Thread added: 0x0000026604da6250
Event: 93.522 Thread 0x0000026604da6250 Thread added: 0x0000026604da7180
Event: 94.481 Thread 0x0000026605363e90 Thread added: 0x0000026604da6760
Event: 97.028 Thread 0x0000026605363e90 Thread added: 0x0000026604da1660
Event: 97.029 Thread 0x0000026605363e90 Thread added: 0x0000026604da0220
Event: 98.075 Thread 0x0000026605365cf0 Thread added: 0x0000026604da4900
Event: 101.223 Thread 0x0000026604da4900 Thread exited: 0x0000026604da4900
Event: 110.138 Thread 0x0000026605365cf0 Thread added: 0x0000026604da6c70
Event: 110.150 Thread 0x0000026605365cf0 Thread added: 0x0000026604da4900
Event: 110.158 Thread 0x0000026605365cf0 Thread added: 0x0000026604da5320
Event: 110.865 Thread 0x0000026605365cf0 Thread added: 0x0000026603bff290
Event: 110.865 Thread 0x0000026605365cf0 Thread added: 0x0000026603c010f0
Event: 111.132 Thread 0x0000026603bff290 Thread added: 0x00000265f0dd5360


Dynamic libraries:
0x00007ff7a6a30000 - 0x00007ff7a6a3e000 	C:\Program Files\Eclipse Adoptium\jdk-17.0.20.101-hotspot\bin\java.exe
0x00007ff9bd740000 - 0x00007ff9bd9a7000 	C:\WINDOWS\SYSTEM32\ntdll.dll
0x00007ff9bc590000 - 0x00007ff9bc65b000 	C:\WINDOWS\System32\KERNEL32.DLL
0x00007ff9ba940000 - 0x00007ff9bad41000 	C:\WINDOWS\System32\KERNELBASE.dll
0x00007ff9bb170000 - 0x00007ff9bb2bc000 	C:\WINDOWS\System32\ucrtbase.dll
0x00007ff9a48f0000 - 0x00007ff9a4908000 	C:\Program Files\Eclipse Adoptium\jdk-17.0.20.101-hotspot\bin\jli.dll
0x00007ff9a4870000 - 0x00007ff9a488e000 	C:\Program Files\Eclipse Adoptium\jdk-17.0.20.101-hotspot\bin\VCRUNTIME140.dll
0x00007ff9bcd90000 - 0x00007ff9bcf67000 	C:\WINDOWS\System32\USER32.dll
0x00007ff9bad50000 - 0x00007ff9bad77000 	C:\WINDOWS\System32\win32u.dll
0x00007ff9bca40000 - 0x00007ff9bca6b000 	C:\WINDOWS\System32\GDI32.dll
0x00007ff9a9320000 - 0x00007ff9a95b0000 	C:\WINDOWS\WinSxS\amd64_microsoft.windows.common-controls_6595b64144ccf1df_6.0.26100.9549_none_3e0a0396e3330090\COMCTL32.dll
0x00007ff9bad80000 - 0x00007ff9baea8000 	C:\WINDOWS\System32\gdi32full.dll
0x00007ff9bb000000 - 0x00007ff9bb0a3000 	C:\WINDOWS\System32\msvcp_win.dll
0x00007ff9bc4d0000 - 0x00007ff9bc579000 	C:\WINDOWS\System32\msvcrt.dll
0x00007ff9bc920000 - 0x00007ff9bc951000 	C:\WINDOWS\System32\IMM32.DLL
0x0000000052c80000 - 0x0000000052c8d000 	C:\Program Files (x86)\360\Total Security\safemon\SafeWrapper.dll
0x00007ff9bc660000 - 0x00007ff9bc71b000 	C:\WINDOWS\System32\ADVAPI32.dll
0x00007ff9bcb70000 - 0x00007ff9bcc18000 	C:\WINDOWS\System32\sechost.dll
0x00007ff9bc720000 - 0x00007ff9bc838000 	C:\WINDOWS\System32\RPCRT4.dll
0x00007ff9b7d10000 - 0x00007ff9b7e15000 	C:\Program Files (x86)\360\Total Security\safemon\libzdtp64.dll
0x00007ff9bbca0000 - 0x00007ff9bc43c000 	C:\WINDOWS\System32\SHELL32.dll
0x00007ff9bc450000 - 0x00007ff9bc4b6000 	C:\WINDOWS\System32\SHLWAPI.dll
0x00007ff9ba3f0000 - 0x00007ff9ba3fb000 	C:\WINDOWS\SYSTEM32\VERSION.dll
0x00007ff9b0dc0000 - 0x00007ff9b0dcc000 	C:\Program Files\Eclipse Adoptium\jdk-17.0.20.101-hotspot\bin\vcruntime140_1.dll
0x00007ff9855c0000 - 0x00007ff98564d000 	C:\Program Files\Eclipse Adoptium\jdk-17.0.20.101-hotspot\bin\msvcp140.dll
0x00007ff925b50000 - 0x00007ff9267bc000 	C:\Program Files\Eclipse Adoptium\jdk-17.0.20.101-hotspot\bin\server\jvm.dll
0x00007ff9bb950000 - 0x00007ff9bb9d1000 	C:\WINDOWS\System32\WS2_32.dll
0x00007ff9ba790000 - 0x00007ff9ba7ee000 	C:\WINDOWS\SYSTEM32\POWRPROF.dll
0x00007ff9b7810000 - 0x00007ff9b7847000 	C:\WINDOWS\SYSTEM32\WINMM.dll
0x00007ff9ba770000 - 0x00007ff9ba785000 	C:\WINDOWS\SYSTEM32\UMPDC.dll
0x00007ff9b9520000 - 0x00007ff9b953b000 	C:\WINDOWS\SYSTEM32\kernel.appcore.dll
0x00007ff9a75d0000 - 0x00007ff9a75da000 	C:\Program Files\Eclipse Adoptium\jdk-17.0.20.101-hotspot\bin\jimage.dll
0x00007ff9b7110000 - 0x00007ff9b735c000 	C:\WINDOWS\SYSTEM32\DBGHELP.DLL
0x00007ff9bd360000 - 0x00007ff9bd6ea000 	C:\WINDOWS\System32\combase.dll
0x00007ff9bc960000 - 0x00007ff9bca39000 	C:\WINDOWS\System32\OLEAUT32.dll
0x00007ff9b77d0000 - 0x00007ff9b780b000 	C:\WINDOWS\SYSTEM32\dbgcore.DLL
0x00007ff9baf40000 - 0x00007ff9bafec000 	C:\WINDOWS\System32\bcryptPrimitives.dll
0x00007ff9a4f30000 - 0x00007ff9a4f3e000 	C:\Program Files\Eclipse Adoptium\jdk-17.0.20.101-hotspot\bin\instrument.dll
0x00007ff97f500000 - 0x00007ff97f525000 	C:\Program Files\Eclipse Adoptium\jdk-17.0.20.101-hotspot\bin\java.dll
0x00007ff96ed50000 - 0x00007ff96ee27000 	C:\Program Files\Eclipse Adoptium\jdk-17.0.20.101-hotspot\bin\jsvml.dll
0x00007ff9b82e0000 - 0x00007ff9b8b8d000 	C:\WINDOWS\SYSTEM32\windows.storage.dll
0x00007ff9bd260000 - 0x00007ff9bd359000 	C:\WINDOWS\System32\SHCORE.dll
0x00007ff9ba850000 - 0x00007ff9ba879000 	C:\WINDOWS\SYSTEM32\profapi.dll
0x00007ff97fe60000 - 0x00007ff97fe78000 	C:\Program Files\Eclipse Adoptium\jdk-17.0.20.101-hotspot\bin\zip.dll
0x00007ff999510000 - 0x00007ff99952a000 	C:\Program Files\Eclipse Adoptium\jdk-17.0.20.101-hotspot\bin\net.dll
0x00007ff9afcc0000 - 0x00007ff9afdea000 	C:\WINDOWS\SYSTEM32\WINHTTP.dll
0x00007ff9b9ac0000 - 0x00007ff9b9b2c000 	C:\WINDOWS\system32\mswsock.dll
0x00007ff982100000 - 0x00007ff982116000 	C:\Program Files\Eclipse Adoptium\jdk-17.0.20.101-hotspot\bin\nio.dll
0x00007ff9a71c0000 - 0x00007ff9a71d0000 	C:\Program Files\Eclipse Adoptium\jdk-17.0.20.101-hotspot\bin\verify.dll
0x00007ff97f4d0000 - 0x00007ff97f4f7000 	C:\Users\herre\.gradle\native\1def1411415f61bf3af743bc5b6707747c0891f09f0c88961ee8f79bc544acac\windows-amd64\native-platform.dll
0x00007ff977810000 - 0x00007ff977887000 	C:\Users\herre\.gradle\native\0.2.8\x86_64-windows-gnu\gradle-fileevents.dll
0x00007ff9a7570000 - 0x00007ff9a757a000 	C:\Program Files\Eclipse Adoptium\jdk-17.0.20.101-hotspot\bin\management.dll
0x00007ff9a7350000 - 0x00007ff9a735c000 	C:\Program Files\Eclipse Adoptium\jdk-17.0.20.101-hotspot\bin\management_ext.dll
0x00007ff9bd6f0000 - 0x00007ff9bd6f8000 	C:\WINDOWS\System32\PSAPI.DLL
0x00007ff9b8f20000 - 0x00007ff9b8f53000 	C:\WINDOWS\SYSTEM32\IPHLPAPI.DLL
0x00007ff9bc580000 - 0x00007ff9bc58a000 	C:\WINDOWS\System32\NSI.dll
0x00007ff9afc90000 - 0x00007ff9afcae000 	C:\WINDOWS\SYSTEM32\dhcpcsvc6.DLL
0x00007ff9afc40000 - 0x00007ff9afc65000 	C:\WINDOWS\SYSTEM32\dhcpcsvc.DLL
0x00007ff9b8fc0000 - 0x00007ff9b9118000 	C:\WINDOWS\SYSTEM32\DNSAPI.dll
0x00007ff9b98e0000 - 0x00007ff9b98ed000 	C:\WINDOWS\SYSTEM32\DSPARSE.dll
0x00007ff9a6fd0000 - 0x00007ff9a6fd9000 	C:\Program Files\Eclipse Adoptium\jdk-17.0.20.101-hotspot\bin\extnet.dll
0x00007ff9b9f00000 - 0x00007ff9b9f1b000 	C:\WINDOWS\SYSTEM32\CRYPTSP.dll
0x00007ff9b9480000 - 0x00007ff9b94b9000 	C:\WINDOWS\system32\rsaenh.dll
0x00007ff9b9b70000 - 0x00007ff9b9ba4000 	C:\WINDOWS\SYSTEM32\USERENV.dll
0x00007ff9ba820000 - 0x00007ff9ba84a000 	C:\WINDOWS\SYSTEM32\bcrypt.dll
0x00007ff9b9d20000 - 0x00007ff9b9d2c000 	C:\WINDOWS\SYSTEM32\CRYPTBASE.dll
0x00007ff9a4a20000 - 0x00007ff9a4a2e000 	C:\Program Files\Eclipse Adoptium\jdk-17.0.20.101-hotspot\bin\sunmscapi.dll
0x00007ff9bb2d0000 - 0x00007ff9bb44f000 	C:\WINDOWS\System32\CRYPT32.dll
0x00007ff9ba070000 - 0x00007ff9ba0a0000 	C:\WINDOWS\SYSTEM32\ncrypt.dll
0x00007ff9ba020000 - 0x00007ff9ba05f000 	C:\WINDOWS\SYSTEM32\NTASN1.dll
0x00007ff97fa90000 - 0x00007ff97fa98000 	C:\WINDOWS\system32\wshunix.dll
0x00007ff9b9650000 - 0x00007ff9b9686000 	C:\WINDOWS\SYSTEM32\ntmarta.dll
0x00007ff96ebb0000 - 0x00007ff96ed41000 	C:\Program Files\Eclipse Adoptium\jdk-17.0.20.101-hotspot\bin\awt.dll
0x00007ff9b7060000 - 0x00007ff9b70ff000 	C:\WINDOWS\SYSTEM32\apphelp.dll
0x00007ff9b7680000 - 0x00007ff9b7727000 	C:\WINDOWS\system32\uxtheme.dll
0x00007ff9bcc20000 - 0x00007ff9bcd7c000 	C:\WINDOWS\System32\MSCTF.dll
0x00007ff9bba80000 - 0x00007ff9bbc1a000 	C:\WINDOWS\System32\ole32.dll
0x00007ff9a48e0000 - 0x00007ff9a48e7000 	C:\Program Files\Eclipse Adoptium\jdk-17.0.20.101-hotspot\bin\rmi.dll

dbghelp: loaded successfully - version: 4.0.5 - missing functions: none
symbol engine: initialized successfully - sym options: 0x614 - pdb path: .;C:\Program Files\Eclipse Adoptium\jdk-17.0.20.101-hotspot\bin;C:\WINDOWS\SYSTEM32;C:\WINDOWS\WinSxS\amd64_microsoft.windows.common-controls_6595b64144ccf1df_6.0.26100.9549_none_3e0a0396e3330090;C:\Program Files (x86)\360\Total Security\safemon;C:\Program Files\Eclipse Adoptium\jdk-17.0.20.101-hotspot\bin\server;C:\Users\herre\.gradle\native\1def1411415f61bf3af743bc5b6707747c0891f09f0c88961ee8f79bc544acac\windows-amd64;C:\Users\herre\.gradle\native\0.2.8\x86_64-windows-gnu;C:\Users\herre\AppData\Local\Temp

VM Arguments:
jvm_args: --add-opens=java.base/java.lang=ALL-UNNAMED --add-opens=java.base/java.lang.invoke=ALL-UNNAMED --add-opens=java.base/java.util=ALL-UNNAMED --add-opens=java.prefs/java.util.prefs=ALL-UNNAMED --add-exports=jdk.compiler/com.sun.tools.javac.api=ALL-UNNAMED --add-exports=jdk.compiler/com.sun.tools.javac.util=ALL-UNNAMED --add-opens=java.base/java.util=ALL-UNNAMED --add-opens=java.prefs/java.util.prefs=ALL-UNNAMED --add-opens=java.base/java.nio.charset=ALL-UNNAMED --add-opens=java.base/java.net=ALL-UNNAMED --add-opens=java.base/java.util.concurrent=ALL-UNNAMED --add-opens=java.base/java.util.concurrent.atomic=ALL-UNNAMED --add-opens=java.xml/javax.xml.namespace=ALL-UNNAMED --add-opens=java.base/java.time=ALL-UNNAMED -Xmx1024m -Dfile.encoding=UTF-8 -Duser.country=CO -Duser.language=es -Duser.variant -javaagent:C:\Users\herre\.gradle\wrapper\dists\gradle-9.1.0-bin\9agqghryom9wkf8r80qlhnts3\gradle-9.1.0\lib\agents\gradle-instrumentation-agent-9.1.0.jar 
java_command: org.gradle.launcher.daemon.bootstrap.GradleDaemon 9.1.0
java_class_path (initial): C:\Users\herre\.gradle\wrapper\dists\gradle-9.1.0-bin\9agqghryom9wkf8r80qlhnts3\gradle-9.1.0\lib\gradle-daemon-main-9.1.0.jar
Launcher Type: SUN_STANDARD

[Global flags]
     intx CICompilerCount                          = 3                                         {product} {ergonomic}
     uint ConcGCThreads                            = 1                                         {product} {ergonomic}
     uint G1ConcRefinementThreads                  = 4                                         {product} {ergonomic}
   size_t G1HeapRegionSize                         = 1048576                                   {product} {ergonomic}
    uintx GCDrainStackTargetSize                   = 64                                        {product} {ergonomic}
   size_t InitialHeapSize                          = 58720256                                  {product} {ergonomic}
   size_t MarkStackSize                            = 4194304                                   {product} {ergonomic}
   size_t MaxHeapSize                              = 1073741824                                {product} {command line}
   size_t MaxNewSize                               = 643825664                                 {product} {ergonomic}
   size_t MinHeapDeltaBytes                        = 1048576                                   {product} {ergonomic}
   size_t MinHeapSize                              = 8388608                                   {product} {ergonomic}
    uintx NonNMethodCodeHeapSize                   = 5832780                                {pd product} {ergonomic}
    uintx NonProfiledCodeHeapSize                  = 122912730                              {pd product} {ergonomic}
    uintx ProfiledCodeHeapSize                     = 122912730                              {pd product} {ergonomic}
    uintx ReservedCodeCacheSize                    = 251658240                              {pd product} {ergonomic}
     bool SegmentedCodeCache                       = true                                      {product} {ergonomic}
   size_t SoftMaxHeapSize                          = 1073741824                             {manageable} {ergonomic}
     bool UseCompressedClassPointers               = true                           {product lp64_product} {ergonomic}
     bool UseCompressedOops                        = true                           {product lp64_product} {ergonomic}
     bool UseG1GC                                  = true                                      {product} {ergonomic}
     bool UseLargePagesIndividualAllocation        = false                                  {pd product} {ergonomic}

Logging:
Log output configuration:
 #0: stdout all=warning uptime,level,tags
 #1: stderr all=off uptime,level,tags

Environment Variables:
PATH=C:\Program Files\Eclipse Adoptium\jdk-17.0.20.101-hotspot\bin;C:\Program Files\Eclipse Adoptium\jdk-8.0.504.1-hotspot\bin;C:\Program Files\Common Files\Oracle\Java\javapath;C:\WINDOWS\system32;C:\WINDOWS;C:\WINDOWS\System32\Wbem;C:\WINDOWS\System32\WindowsPowerShell\v1.0\;C:\WINDOWS\System32\OpenSSH\;C:\Program Files (x86)\Microsoft SQL Server\160\Tools\Binn\;C:\Program Files\Microsoft SQL Server\160\Tools\Binn\;C:\Program Files\Microsoft SQL Server\Client SDK\ODBC\170\Tools\Binn\;C:\Program Files\Microsoft SQL Server\160\DTS\Binn\;C:\Program Files\MongoDB\Server\8.0\bin;C:\Program Files\Git\cmd;C:\Program Files\nodejs\;C:\Users\herre\AppData\Local\Programs\Python\Launcher\;C:\Users\herre\AppData\Local\Microsoft\WindowsApps;C:\Users\herre\AppData\Local\Programs\Microsoft VS Code\bin;C:\Users\herre\AppData\Local\Python\bin;C:\Users\herre\AppData\Roaming\npm
USERNAME=herre
OS=Windows_NT
PROCESSOR_IDENTIFIER=AMD64 Family 23 Model 24 Stepping 1, AuthenticAMD
TMP=C:\Users\herre\AppData\Local\Temp
TEMP=C:\Users\herre\AppData\Local\Temp



Periodic native trim disabled


---------------  S Y S T E M  ---------------

OS:
 Windows 11 , 64 bit Build 26100 (10.0.26100.9549)
OS uptime: 1 days 9:12 hours
Hyper-V role detected

CPU: total 4 (initial active 4) (4 cores per cpu, 2 threads per core) family 23 model 24 stepping 1 microcode 0x8108109, cx8, cmov, fxsr, ht, mmx, 3dnowpref, sse, sse2, sse3, ssse3, sse4a, sse4.1, sse4.2, popcnt, lzcnt, tsc, tscinvbit, avx, avx2, aes, clmul, bmi1, bmi2, adx, sha, fma, vzeroupper, clflush, clflushopt, hv
Processor Information for all 4 processors :
  Max Mhz: 2400, Current Mhz: 2400, Mhz Limit: 2400

Memory: 4k page, system-wide physical 3520M (243M free)
TotalPageFile size 14272M (AvailPageFile size 11M)
current process WorkingSet (physical memory assigned to process): 1009M, peak: 1013M
current process commit charge ("private bytes"): 1654M, peak: 1656M

vm_info: OpenJDK 64-Bit Server VM (17.0.20.1+1) for windows-amd64 JRE (17.0.20.1+1), built on Aug 18 2026 20:44:09 by "admin" with MS VC++ 17.12 (VS2022)

END.
