#
# There is insufficient memory for the Java Runtime Environment to continue.
# Native memory allocation (malloc) failed to allocate 15012632 bytes. Error detail: Chunk::new
# Possible reasons:
#   The system is out of physical RAM or swap space
#   This process is running with CompressedOops enabled, and the Java Heap may be blocking the growth of the native heap
# Possible solutions:
#   Reduce memory load on the system
#   Increase physical memory or swap space
#   Check if swap backing store is full
#   Decrease Java heap size (-Xmx/-Xms)
#   Decrease number of Java threads
#   Decrease Java thread stack sizes (-Xss)
#   Set larger code cache with -XX:ReservedCodeCacheSize=
#   JVM is running with Unscaled Compressed Oops mode in which the Java heap is
#     placed in the first 4GB address space. The Java Heap base address is the
#     maximum limit for the native heap growth. Please use -XX:HeapBaseMinAddress
#     to set the Java Heap base and to place the Java Heap above 4GB virtual address.
# This output file may be truncated or incomplete.
#
#  Out of Memory Error (arena.cpp:186), pid=1168, tid=16284
#
# JRE version: OpenJDK Runtime Environment (25.0.2) (build 25.0.2+-15348964-b329.117)
# Java VM: OpenJDK 64-Bit Server VM (25.0.2+-15348964-b329.117, mixed mode, tiered, compressed oops, compressed class ptrs, g1 gc, windows-amd64)
# No core dump will be written. Minidumps are not enabled by default on client versions of Windows
#

---------------  S U M M A R Y ------------

Command Line: --add-opens=java.base/java.lang=ALL-UNNAMED --add-opens=java.base/java.lang.invoke=ALL-UNNAMED --add-opens=java.base/java.util=ALL-UNNAMED --add-opens=java.prefs/java.util.prefs=ALL-UNNAMED --add-exports=jdk.compiler/com.sun.tools.javac.api=ALL-UNNAMED --add-exports=jdk.compiler/com.sun.tools.javac.util=ALL-UNNAMED --add-opens=java.base/java.util=ALL-UNNAMED --add-opens=java.prefs/java.util.prefs=ALL-UNNAMED --add-opens=java.base/java.nio.charset=ALL-UNNAMED --add-opens=java.base/java.net=ALL-UNNAMED --add-opens=java.base/java.util.concurrent=ALL-UNNAMED --add-opens=java.base/java.util.concurrent.atomic=ALL-UNNAMED --add-opens=java.xml/javax.xml.namespace=ALL-UNNAMED --add-opens=java.base/java.time=ALL-UNNAMED --enable-native-access=ALL-UNNAMED -Xmx1024m -Dfile.encoding=UTF-8 -Duser.country=CO -Duser.language=es -Duser.variant -javaagent:C:\Users\herre\.gradle\wrapper\dists\gradle-9.1.0-bin\9agqghryom9wkf8r80qlhnts3\gradle-9.1.0\lib\agents\gradle-instrumentation-agent-9.1.0.jar org.gradle.launcher.daemon.bootstrap.GradleDaemon 9.1.0

Host: AMD Athlon Gold 3150U with Radeon Graphics     , 4 cores, 3G,  Windows 11 , 64 bit Build 26100 (10.0.26100.9549)
Time: Sun Sep 27 19:24:50 2026 Hora est. Pacífico, Sudamérica elapsed time: 75.145335 seconds (0d 0h 1m 15s)

---------------  T H R E A D  ---------------

Current thread (0x00000182a05403e0):  JavaThread "C2 CompilerThread0" daemon [_thread_in_native, id=16284, stack(0x0000000c2b100000,0x0000000c2b200000) (1024K)]


Current CompileTask:
C2:75145 14901       4       org.gradle.internal.time.ExponentialBackoff::retryUntil (65 bytes)

Stack: [0x0000000c2b100000,0x0000000c2b200000]
Native frames: (J=compiled Java code, j=interpreted, Vv=VM code, C=native code)
V  [jvm.dll+0x7bd439]  (no source info available)
V  [jvm.dll+0x78763d]  (no source info available)
V  [jvm.dll+0xa0c885]  (no source info available)
V  [jvm.dll+0xa0ef04]  (no source info available)
V  [jvm.dll+0xa0f603]  (no source info available)
V  [jvm.dll+0x309bf6]  (no source info available)
V  [jvm.dll+0x10ea69]  (no source info available)
V  [jvm.dll+0x10ed92]  (no source info available)
V  [jvm.dll+0x1a9837]  (no source info available)
V  [jvm.dll+0x3bec92]  (no source info available)
V  [jvm.dll+0x7c2cb7]  (no source info available)
V  [jvm.dll+0x2ce046]  (no source info available)
V  [jvm.dll+0x2cd221]  (no source info available)
V  [jvm.dll+0x242ffa]  (no source info available)
V  [jvm.dll+0x2dcc05]  (no source info available)
V  [jvm.dll+0x2dae06]  (no source info available)
V  [jvm.dll+0x49b59e]  (no source info available)
V  [jvm.dll+0x9ab9c8]  (no source info available)
V  [jvm.dll+0x7bb985]  (no source info available)
C  [ucrtbase.dll+0x2cd30]  (no source info available)
C  [KERNEL32.DLL+0x2cdf7]  (no source info available)
C  [ntdll.dll+0x7ee4c]  (no source info available)

Lock stack of current Java thread (top to bottom):


---------------  P R O C E S S  ---------------

Threads class SMR info:
_java_thread_list=0x00000182a8025280, length=87, elements={
0x00000182881c0930, 0x00000182a052f110, 0x00000182a0565630, 0x00000182a0567400,
0x00000182a0577fe0, 0x00000182a0542030, 0x00000182a0543360, 0x00000182a053f820,
0x00000182a05403e0, 0x00000182a054c270, 0x00000182a09d1d40, 0x00000182a708bd40,
0x00000182a5e4d010, 0x00000182a6d4eee0, 0x00000182a0896700, 0x00000182a6be3c20,
0x00000182a70b43d0, 0x00000182a70b3c00, 0x00000182a70b8250, 0x00000182a70b72b0,
0x00000182a70b5b40, 0x00000182a05b4aa0, 0x00000182a72d9560, 0x00000182a72d85c0,
0x00000182a72d6e50, 0x00000182a72dd3e0, 0x00000182a72ddbb0, 0x00000182a72dacd0,
0x00000182a70b7a80, 0x00000182a83b6a60, 0x00000182a83b9940, 0x00000182a83b6290,
0x00000182a83b7230, 0x00000182a83bb0b0, 0x00000182a8d1b900, 0x00000182a8d1c0d0,
0x00000182a8d1d840, 0x00000182a8d1e7e0, 0x00000182a8d22660, 0x00000182a8d1f780,
0x00000182a8d20ef0, 0x00000182a8d21e90, 0x00000182a8f6f7e0, 0x00000182a8f6f010,
0x00000182a8f71720, 0x00000182a8f70780, 0x00000182a8f74600, 0x00000182a8f755a0,
0x00000182a83b7a00, 0x00000182a6ad94f0, 0x00000182a6adac60, 0x00000182a6ada490,
0x00000182a6adb430, 0x00000182a6adbc00, 0x00000182a66f9fa0, 0x00000182a66f9000,
0x00000182a66fb710, 0x00000182a6da1870, 0x00000182a6da0100, 0x00000182a6da37b0,
0x00000182a8628770, 0x00000182a8627000, 0x00000182a8627fa0, 0x00000182a8626060,
0x00000182a7ffb730, 0x00000182a7ff8080, 0x00000182a7ffbf00, 0x00000182a7ffaf60,
0x00000182a7ffe610, 0x00000182a7ffc6d0, 0x00000182a7fff5b0, 0x00000182a80014f0,
0x00000182a8003c00, 0x00000182a80043d0, 0x00000182a8005370, 0x00000182a8005b40,
0x00000182a8006310, 0x00000182a83bd7c0, 0x00000182af96c840, 0x00000182af96d7e0,
0x00000182af96ef50, 0x00000182af96c070, 0x00000182af972dd0, 0x00000182af9706c0,
0x00000182af96fef0, 0x00000182af974540, 0x00000182af971660
}

Java Threads: ( => current thread )
  0x00000182881c0930 JavaThread "main"                              [_thread_blocked, id=12696, stack(0x0000000c2a200000,0x0000000c2a300000) (1024K)]
  0x00000182a052f110 JavaThread "Common-Cleaner"             daemon [_thread_blocked, id=22108, stack(0x0000000c2aa00000,0x0000000c2ab00000) (1024K)]
  0x00000182a0565630 JavaThread "Reference Handler"          daemon [_thread_blocked, id=12712, stack(0x0000000c2ab00000,0x0000000c2ac00000) (1024K)]
  0x00000182a0567400 JavaThread "Finalizer"                  daemon [_thread_blocked, id=14388, stack(0x0000000c2ac00000,0x0000000c2ad00000) (1024K)]
  0x00000182a0577fe0 JavaThread "Signal Dispatcher"          daemon [_thread_blocked, id=5372, stack(0x0000000c2ad00000,0x0000000c2ae00000) (1024K)]
  0x00000182a0542030 JavaThread "Attach Listener"            daemon [_thread_blocked, id=22208, stack(0x0000000c2ae00000,0x0000000c2af00000) (1024K)]
  0x00000182a0543360 JavaThread "Service Thread"             daemon [_thread_blocked, id=14192, stack(0x0000000c2af00000,0x0000000c2b000000) (1024K)]
  0x00000182a053f820 JavaThread "Monitor Deflation Thread"   daemon [_thread_blocked, id=11464, stack(0x0000000c2b000000,0x0000000c2b100000) (1024K)]
=>0x00000182a05403e0 JavaThread "C2 CompilerThread0"         daemon [_thread_in_native, id=16284, stack(0x0000000c2b100000,0x0000000c2b200000) (1024K)]
  0x00000182a054c270 JavaThread "C1 CompilerThread0"         daemon [_thread_blocked, id=16096, stack(0x0000000c2b200000,0x0000000c2b300000) (1024K)]
  0x00000182a09d1d40 JavaThread "Notification Thread"        daemon [_thread_blocked, id=21272, stack(0x0000000c2b300000,0x0000000c2b400000) (1024K)]
  0x00000182a708bd40 JavaThread "Daemon health stats"               [_thread_blocked, id=2544, stack(0x0000000c2b800000,0x0000000c2b900000) (1024K)]
  0x00000182a5e4d010 JavaThread "Incoming local TCP Connector on port 52076"        [_thread_in_native, id=11316, stack(0x0000000c2b900000,0x0000000c2ba00000) (1024K)]
  0x00000182a6d4eee0 JavaThread "Daemon periodic checks"            [_thread_blocked, id=18556, stack(0x0000000c2ba00000,0x0000000c2bb00000) (1024K)]
  0x00000182a0896700 JavaThread "Daemon"                            [_thread_blocked, id=3536, stack(0x0000000c2bb00000,0x0000000c2bc00000) (1024K)]
  0x00000182a6be3c20 JavaThread "Handler for socket connection from /127.0.0.1:52076 to /127.0.0.1:52077"        [_thread_in_native, id=21160, stack(0x0000000c2bc00000,0x0000000c2bd00000) (1024K)]
  0x00000182a70b43d0 JavaThread "Cancel handler"                    [_thread_blocked, id=10340, stack(0x0000000c2bd00000,0x0000000c2be00000) (1024K)]
  0x00000182a70b3c00 JavaThread "Daemon worker"                     [_thread_blocked, id=22040, stack(0x0000000c2be00000,0x0000000c2bf00000) (1024K)]
  0x00000182a70b8250 JavaThread "Asynchronous log dispatcher for DefaultDaemonConnection: socket connection from /127.0.0.1:52076 to /127.0.0.1:52077"        [_thread_blocked, id=21820, stack(0x0000000c2bf00000,0x0000000c2c000000) (1024K)]
  0x00000182a70b72b0 JavaThread "Stdin handler"                     [_thread_blocked, id=21308, stack(0x0000000c2c000000,0x0000000c2c100000) (1024K)]
  0x00000182a70b5b40 JavaThread "Daemon client event forwarder"        [_thread_blocked, id=7160, stack(0x0000000c2c100000,0x0000000c2c200000) (1024K)]
  0x00000182a05b4aa0 JavaThread "Cache worker for journal cache (C:\Users\herre\.gradle\caches\journal-1)"        [_thread_blocked, id=1972, stack(0x0000000c2c200000,0x0000000c2c300000) (1024K)]
  0x00000182a72d9560 JavaThread "File lock request listener"        [_thread_in_native, id=11068, stack(0x0000000c2c300000,0x0000000c2c400000) (1024K)]
  0x00000182a72d85c0 JavaThread "Cache worker for file hash cache (C:\Users\herre\.gradle\caches\9.1.0\fileHashes)"        [_thread_in_native, id=4280, stack(0x0000000c2b700000,0x0000000c2b800000) (1024K)]
  0x00000182a72d6e50 JavaThread "Cache worker for file hash cache (C:\Users\herre\StudioProjects\PrestamosLabCTMA\.gradle\9.1.0\fileHashes)"        [_thread_blocked, id=4776, stack(0x0000000c2c500000,0x0000000c2c600000) (1024K)]
  0x00000182a72dd3e0 JavaThread "Cache worker for Build Output Cleanup Cache (C:\Users\herre\StudioProjects\PrestamosLabCTMA\.gradle\buildOutputCleanup)"        [_thread_blocked, id=23308, stack(0x0000000c2c600000,0x0000000c2c700000) (1024K)]
  0x00000182a72ddbb0 JavaThread "File watcher server"        daemon [_thread_in_native, id=15972, stack(0x0000000c2c700000,0x0000000c2c800000) (1024K)]
  0x00000182a72dacd0 JavaThread "File watcher consumer"      daemon [_thread_blocked, id=2064, stack(0x0000000c2c800000,0x0000000c2c900000) (1024K)]
  0x00000182a70b7a80 JavaThread "Cache worker for checksums cache (C:\Users\herre\StudioProjects\PrestamosLabCTMA\.gradle\9.1.0\checksums)"        [_thread_blocked, id=8280, stack(0x0000000c2c900000,0x0000000c2ca00000) (1024K)]
  0x00000182a83b6a60 JavaThread "Cache worker for file content cache (C:\Users\herre\.gradle\caches\9.1.0\fileContent)"        [_thread_blocked, id=8440, stack(0x0000000c2ca00000,0x0000000c2cb00000) (1024K)]
  0x00000182a83b9940 JavaThread "Cache worker for cache directory md-supplier (C:\Users\herre\.gradle\caches\9.1.0\md-supplier)"        [_thread_blocked, id=22572, stack(0x0000000c2cb00000,0x0000000c2cc00000) (1024K)]
  0x00000182a83b6290 JavaThread "Cache worker for cache directory md-rule (C:\Users\herre\.gradle\caches\9.1.0\md-rule)"        [_thread_blocked, id=16848, stack(0x0000000c2cc00000,0x0000000c2cd00000) (1024K)]
  0x00000182a83b7230 JavaThread "jar transforms"                    [_thread_blocked, id=18940, stack(0x0000000c2cd00000,0x0000000c2ce00000) (1024K)]
  0x00000182a83bb0b0 JavaThread "jar transforms Thread 2"           [_thread_blocked, id=13548, stack(0x0000000c2ce00000,0x0000000c2cf00000) (1024K)]
  0x00000182a8d1b900 JavaThread "jar transforms Thread 3"           [_thread_blocked, id=6684, stack(0x0000000c2cf00000,0x0000000c2d000000) (1024K)]
  0x00000182a8d1c0d0 JavaThread "Unconstrained build operations"        [_thread_blocked, id=6464, stack(0x0000000c2d000000,0x0000000c2d100000) (1024K)]
  0x00000182a8d1d840 JavaThread "Unconstrained build operations Thread 2"        [_thread_blocked, id=10200, stack(0x0000000c2d100000,0x0000000c2d200000) (1024K)]
  0x00000182a8d1e7e0 JavaThread "Unconstrained build operations Thread 3"        [_thread_blocked, id=21508, stack(0x0000000c2d200000,0x0000000c2d300000) (1024K)]
  0x00000182a8d22660 JavaThread "Unconstrained build operations Thread 4"        [_thread_blocked, id=7356, stack(0x0000000c2d300000,0x0000000c2d400000) (1024K)]
  0x00000182a8d1f780 JavaThread "Unconstrained build operations Thread 5"        [_thread_blocked, id=10692, stack(0x0000000c2d400000,0x0000000c2d500000) (1024K)]
  0x00000182a8d20ef0 JavaThread "Unconstrained build operations Thread 6"        [_thread_blocked, id=14308, stack(0x0000000c2d500000,0x0000000c2d600000) (1024K)]
  0x00000182a8d21e90 JavaThread "jar transforms Thread 4"           [_thread_blocked, id=11736, stack(0x0000000c2d600000,0x0000000c2d700000) (1024K)]
  0x00000182a8f6f7e0 JavaThread "Unconstrained build operations Thread 7"        [_thread_blocked, id=22152, stack(0x0000000c2d700000,0x0000000c2d800000) (1024K)]
  0x00000182a8f6f010 JavaThread "Unconstrained build operations Thread 8"        [_thread_blocked, id=21828, stack(0x0000000c2d800000,0x0000000c2d900000) (1024K)]
  0x00000182a8f71720 JavaThread "Unconstrained build operations Thread 9"        [_thread_blocked, id=21156, stack(0x0000000c2d900000,0x0000000c2da00000) (1024K)]
  0x00000182a8f70780 JavaThread "Unconstrained build operations Thread 10"        [_thread_blocked, id=6424, stack(0x0000000c2da00000,0x0000000c2db00000) (1024K)]
  0x00000182a8f74600 JavaThread "Unconstrained build operations Thread 11"        [_thread_blocked, id=18780, stack(0x0000000c2db00000,0x0000000c2dc00000) (1024K)]
  0x00000182a8f755a0 JavaThread "Unconstrained build operations Thread 12"        [_thread_blocked, id=17720, stack(0x0000000c2dc00000,0x0000000c2dd00000) (1024K)]
  0x00000182a83b7a00 JavaThread "Unconstrained build operations Thread 13"        [_thread_blocked, id=4200, stack(0x0000000c2dd00000,0x0000000c2de00000) (1024K)]
  0x00000182a6ad94f0 JavaThread "Unconstrained build operations Thread 14"        [_thread_blocked, id=18664, stack(0x0000000c2de00000,0x0000000c2df00000) (1024K)]
  0x00000182a6adac60 JavaThread "Unconstrained build operations Thread 15"        [_thread_blocked, id=12300, stack(0x0000000c2df00000,0x0000000c2e000000) (1024K)]
  0x00000182a6ada490 JavaThread "Unconstrained build operations Thread 16"        [_thread_blocked, id=13588, stack(0x0000000c2c400000,0x0000000c2c500000) (1024K)]
  0x00000182a6adb430 JavaThread "Unconstrained build operations Thread 17"        [_thread_blocked, id=3256, stack(0x0000000c2e000000,0x0000000c2e100000) (1024K)]
  0x00000182a6adbc00 JavaThread "Unconstrained build operations Thread 18"        [_thread_blocked, id=17820, stack(0x0000000c2e100000,0x0000000c2e200000) (1024K)]
  0x00000182a66f9fa0 JavaThread "build event listener"              [_thread_blocked, id=16116, stack(0x0000000c2e300000,0x0000000c2e400000) (1024K)]
  0x00000182a66f9000 JavaThread "Memory manager"                    [_thread_blocked, id=18712, stack(0x0000000c2e400000,0x0000000c2e500000) (1024K)]
  0x00000182a66fb710 JavaThread "build event listener"              [_thread_blocked, id=13448, stack(0x0000000c2e500000,0x0000000c2e600000) (1024K)]
  0x00000182a6da1870 JavaThread "pool-3-thread-1"                   [_thread_blocked, id=11540, stack(0x0000000c2e600000,0x0000000c2e700000) (1024K)]
  0x00000182a6da0100 JavaThread "build event listener"              [_thread_blocked, id=5872, stack(0x0000000c2e700000,0x0000000c2e800000) (1024K)]
  0x00000182a6da37b0 JavaThread "included builds"                   [_thread_blocked, id=5928, stack(0x0000000c2e800000,0x0000000c2e900000) (1024K)]
  0x00000182a8628770 JavaThread "Execution worker"                  [_thread_blocked, id=12000, stack(0x0000000c2e900000,0x0000000c2ea00000) (1024K)]
  0x00000182a8627000 JavaThread "Execution worker Thread 2"         [_thread_blocked, id=9748, stack(0x0000000c2ea00000,0x0000000c2eb00000) (1024K)]
  0x00000182a8627fa0 JavaThread "Execution worker Thread 3"         [_thread_blocked, id=10572, stack(0x0000000c2eb00000,0x0000000c2ec00000) (1024K)]
  0x00000182a8626060 JavaThread "Cache worker for execution history cache (C:\Users\herre\StudioProjects\PrestamosLabCTMA\.gradle\9.1.0\executionHistory)"        [_thread_blocked, id=20648, stack(0x0000000c2ec00000,0x0000000c2ed00000) (1024K)]
  0x00000182a7ffb730 JavaThread "Unconstrained build operations Thread 19"        [_thread_blocked, id=17432, stack(0x0000000c2ed00000,0x0000000c2ee00000) (1024K)]
  0x00000182a7ff8080 JavaThread "Unconstrained build operations Thread 20"        [_thread_blocked, id=22324, stack(0x0000000c2ee00000,0x0000000c2ef00000) (1024K)]
  0x00000182a7ffbf00 JavaThread "Unconstrained build operations Thread 21"        [_thread_blocked, id=16596, stack(0x0000000c2ef00000,0x0000000c2f000000) (1024K)]
  0x00000182a7ffaf60 JavaThread "Unconstrained build operations Thread 22"        [_thread_blocked, id=11604, stack(0x0000000c2e200000,0x0000000c2e300000) (1024K)]
  0x00000182a7ffe610 JavaThread "Unconstrained build operations Thread 23"        [_thread_blocked, id=8932, stack(0x0000000c2f000000,0x0000000c2f100000) (1024K)]
  0x00000182a7ffc6d0 JavaThread "Unconstrained build operations Thread 24"        [_thread_blocked, id=16124, stack(0x0000000c2f100000,0x0000000c2f200000) (1024K)]
  0x00000182a7fff5b0 JavaThread "Unconstrained build operations Thread 25"        [_thread_blocked, id=12272, stack(0x0000000c2f200000,0x0000000c2f300000) (1024K)]
  0x00000182a80014f0 JavaThread "Unconstrained build operations Thread 26"        [_thread_blocked, id=4204, stack(0x0000000c2f300000,0x0000000c2f400000) (1024K)]
  0x00000182a8003c00 JavaThread "Unconstrained build operations Thread 27"        [_thread_blocked, id=9892, stack(0x0000000c2f400000,0x0000000c2f500000) (1024K)]
  0x00000182a80043d0 JavaThread "Unconstrained build operations Thread 28"        [_thread_blocked, id=20888, stack(0x0000000c2f500000,0x0000000c2f600000) (1024K)]
  0x00000182a8005370 JavaThread "Unconstrained build operations Thread 29"        [_thread_blocked, id=700, stack(0x0000000c2f700000,0x0000000c2f800000) (1024K)]
  0x00000182a8005b40 JavaThread "Unconstrained build operations Thread 30"        [_thread_blocked, id=16740, stack(0x0000000c2f800000,0x0000000c2f900000) (1024K)]
  0x00000182a8006310 JavaThread "Unconstrained build operations Thread 31"        [_thread_blocked, id=16492, stack(0x0000000c2f900000,0x0000000c2fa00000) (1024K)]
  0x00000182a83bd7c0 JavaThread "Unconstrained build operations Thread 32"        [_thread_blocked, id=9384, stack(0x0000000c2f600000,0x0000000c2f700000) (1024K)]
  0x00000182af96c840 JavaThread "Unconstrained build operations Thread 33"        [_thread_blocked, id=11180, stack(0x0000000c2fa00000,0x0000000c2fb00000) (1024K)]
  0x00000182af96d7e0 JavaThread "Unconstrained build operations Thread 34"        [_thread_blocked, id=18448, stack(0x0000000c2fb00000,0x0000000c2fc00000) (1024K)]
  0x00000182af96ef50 JavaThread "WorkerExecutor Queue"              [_thread_in_vm, id=20916, stack(0x0000000c29f00000,0x0000000c2a000000) (1024K)]
  0x00000182af96c070 JavaThread "Unconstrained build operations Thread 35"        [_thread_blocked, id=15272, stack(0x0000000c2a000000,0x0000000c2a100000) (1024K)]
  0x00000182af972dd0 JavaThread "Unconstrained build operations Thread 36"        [_thread_blocked, id=22000, stack(0x0000000c2a100000,0x0000000c2a200000) (1024K)]
  0x00000182af9706c0 JavaThread "Unconstrained build operations Thread 37"        [_thread_blocked, id=14144, stack(0x0000000c2fc00000,0x0000000c2fd00000) (1024K)]
  0x00000182af96fef0 JavaThread "Unconstrained build operations Thread 38"        [_thread_blocked, id=21324, stack(0x0000000c2fd00000,0x0000000c2fe00000) (1024K)]
  0x00000182af974540 JavaThread "Unconstrained build operations Thread 39"        [_thread_blocked, id=21388, stack(0x0000000c2fe00000,0x0000000c2ff00000) (1024K)]
  0x00000182af971660 JavaThread "Unconstrained build operations Thread 40"        [_thread_in_native, id=20676, stack(0x0000000c2ff00000,0x0000000c30000000) (1024K)]
Total: 87

Other Threads:
  0x000001828a72f800 VMThread "VM Thread"                           [id=18324, stack(0x0000000c2a900000,0x0000000c2aa00000) (1024K)]
  0x000001828a71da20 WatcherThread "VM Periodic Task Thread"        [id=17912, stack(0x0000000c2a800000,0x0000000c2a900000) (1024K)]
  0x000001828a6d8710 WorkerThread "GC Thread#0"                     [id=18808, stack(0x0000000c2a300000,0x0000000c2a400000) (1024K)]
  0x00000182a5566640 WorkerThread "GC Thread#1"                     [id=13620, stack(0x0000000c2b400000,0x0000000c2b500000) (1024K)]
  0x00000182a55808f0 WorkerThread "GC Thread#2"                     [id=13452, stack(0x0000000c2b500000,0x0000000c2b600000) (1024K)]
  0x00000182a5580d20 WorkerThread "GC Thread#3"                     [id=12456, stack(0x0000000c2b600000,0x0000000c2b700000) (1024K)]
  0x000001828a6e57e0 ConcurrentGCThread "G1 Main Marker"            [id=10084, stack(0x0000000c2a400000,0x0000000c2a500000) (1024K)]
  0x000001828a6e6380 WorkerThread "G1 Conc#0"                       [id=11916, stack(0x0000000c2a500000,0x0000000c2a600000) (1024K)]
  0x000001828a70f690 ConcurrentGCThread "G1 Refine#0"               [id=9184, stack(0x0000000c2a600000,0x0000000c2a700000) (1024K)]
  0x000001828a7110f0 ConcurrentGCThread "G1 Service"                [id=19296, stack(0x0000000c2a700000,0x0000000c2a800000) (1024K)]
Total: 10

Threads with active compile tasks:
C2 CompilerThread0  75689 14901       4       org.gradle.internal.time.ExponentialBackoff::retryUntil (65 bytes)
Total: 1

VM state: not at safepoint (normal execution)

VM Mutex/Monitor currently owned by a thread: None

Heap address: 0x00000000c0000000, size: 1024 MB, Compressed Oops mode: 32-bit

CDS archive(s) not mapped
Compressed class space mapped at: 0x0000000008000000-0x0000000048000000, reserved size: 1073741824
UseCompressedClassPointers 1, UseCompactObjectHeaders 0
Narrow klass pointer bits 32, Max shift 3
Narrow klass base: 0x0000000000000000, Narrow klass shift: 0
Encoding Range: [0x0000000000000000 - 0x0000000100000000), (4294967296 bytes)
Klass Range:    [0x0000000008000000 - 0x0000000048000000), (1073741824 bytes)
Klass ID Range:  [134217728 - 1207959545) (1073741817)
No protection zone.

GC Precious Log:
 CardTable entry size: 512
 Card Set container configuration: InlinePtr #cards 5 size 8 Array Of Cards #cards 10 size 36 Howl #buckets 4 coarsen threshold 1843 Howl Bitmap #cards 512 size 80 coarsen threshold 460 Card regions per heap region 1 cards per card region 2048
 CPUs: 4 total, 4 available
 Memory: 3520M
 Large Page Support: Disabled
 NUMA Support: Disabled
 Compressed Oops: Enabled (32-bit)
 Heap Region Size: 1M
 Heap Min Capacity: 8M
 Heap Initial Capacity: 56M
 Heap Max Capacity: 1G
 Pre-touch: Disabled
 Parallel Workers: 4
 Concurrent Workers: 1
 Concurrent Refinement Workers: 4
 Periodic GC: Disabled

Heap:
 garbage-first heap   total reserved 1048576K, committed 235520K, used 218873K [0x00000000c0000000, 0x0000000100000000)
  region size 1024K, 85 young (87040K), 6 survivors (6144K)

Heap Regions: E=young(eden), S=young(survivor), O=old, HS=humongous(starts), HC=humongous(continues), CS=collection set, F=free, TAMS=top-at-mark-start, PB=parsable bottom
|   0|0x00000000c0000000, 0x00000000c0100000, 0x00000000c0100000|100%|HS|  |TAMS 0x00000000c0000000| PB 0x00000000c0000000| Complete |  0
|   1|0x00000000c0100000, 0x00000000c0200000, 0x00000000c0200000|100%|HC|  |TAMS 0x00000000c0100000| PB 0x00000000c0100000| Complete |  0
|   2|0x00000000c0200000, 0x00000000c0300000, 0x00000000c0300000|100%|HC|  |TAMS 0x00000000c0200000| PB 0x00000000c0200000| Complete |  0
|   3|0x00000000c0300000, 0x00000000c0400000, 0x00000000c0400000|100%| O|  |TAMS 0x00000000c0300000| PB 0x00000000c0300000| Untracked |  0
|   4|0x00000000c0400000, 0x00000000c0500000, 0x00000000c0500000|100%| O|  |TAMS 0x00000000c0400000| PB 0x00000000c0400000| Untracked |  0
|   5|0x00000000c0500000, 0x00000000c0600000, 0x00000000c0600000|100%| O|  |TAMS 0x00000000c0500000| PB 0x00000000c0500000| Untracked |  0
|   6|0x00000000c0600000, 0x00000000c0700000, 0x00000000c0700000|100%| O|  |TAMS 0x00000000c0600000| PB 0x00000000c0600000| Untracked |  0
|   7|0x00000000c0700000, 0x00000000c0800000, 0x00000000c0800000|100%| O|  |TAMS 0x00000000c0700000| PB 0x00000000c0700000| Untracked |  0
|   8|0x00000000c0800000, 0x00000000c0900000, 0x00000000c0900000|100%| O|  |TAMS 0x00000000c0800000| PB 0x00000000c0800000| Untracked |  0
|   9|0x00000000c0900000, 0x00000000c0a00000, 0x00000000c0a00000|100%| O|  |TAMS 0x00000000c0900000| PB 0x00000000c0900000| Untracked |  0
|  10|0x00000000c0a00000, 0x00000000c0b00000, 0x00000000c0b00000|100%| O|  |TAMS 0x00000000c0a00000| PB 0x00000000c0a00000| Untracked |  0
|  11|0x00000000c0b00000, 0x00000000c0c00000, 0x00000000c0c00000|100%|HS|  |TAMS 0x00000000c0b00000| PB 0x00000000c0b00000| Complete |  0
|  12|0x00000000c0c00000, 0x00000000c0d00000, 0x00000000c0d00000|100%| O|  |TAMS 0x00000000c0c00000| PB 0x00000000c0c00000| Untracked |  0
|  13|0x00000000c0d00000, 0x00000000c0e00000, 0x00000000c0e00000|100%| O|  |TAMS 0x00000000c0d00000| PB 0x00000000c0d00000| Untracked |  0
|  14|0x00000000c0e00000, 0x00000000c0f00000, 0x00000000c0f00000|100%| O|  |TAMS 0x00000000c0e00000| PB 0x00000000c0e00000| Untracked |  0
|  15|0x00000000c0f00000, 0x00000000c1000000, 0x00000000c1000000|100%| O|  |TAMS 0x00000000c0f00000| PB 0x00000000c0f00000| Untracked |  0
|  16|0x00000000c1000000, 0x00000000c1100000, 0x00000000c1100000|100%| O|  |TAMS 0x00000000c1000000| PB 0x00000000c1000000| Untracked |  0
|  17|0x00000000c1100000, 0x00000000c1200000, 0x00000000c1200000|100%| O|  |TAMS 0x00000000c1100000| PB 0x00000000c1100000| Untracked |  0
|  18|0x00000000c1200000, 0x00000000c1300000, 0x00000000c1300000|100%| O|  |TAMS 0x00000000c1200000| PB 0x00000000c1200000| Untracked |  0
|  19|0x00000000c1300000, 0x00000000c1400000, 0x00000000c1400000|100%| O|  |TAMS 0x00000000c1300000| PB 0x00000000c1300000| Untracked |  0
|  20|0x00000000c1400000, 0x00000000c1500000, 0x00000000c1500000|100%| O|  |TAMS 0x00000000c1400000| PB 0x00000000c1400000| Untracked |  0
|  21|0x00000000c1500000, 0x00000000c1600000, 0x00000000c1600000|100%| O|  |TAMS 0x00000000c1500000| PB 0x00000000c1500000| Untracked |  0
|  22|0x00000000c1600000, 0x00000000c1700000, 0x00000000c1700000|100%| O|  |TAMS 0x00000000c1600000| PB 0x00000000c1600000| Untracked |  0
|  23|0x00000000c1700000, 0x00000000c1800000, 0x00000000c1800000|100%| O|  |TAMS 0x00000000c1700000| PB 0x00000000c1700000| Untracked |  0
|  24|0x00000000c1800000, 0x00000000c1900000, 0x00000000c1900000|100%| O|  |TAMS 0x00000000c1800000| PB 0x00000000c1800000| Untracked |  0
|  25|0x00000000c1900000, 0x00000000c1a00000, 0x00000000c1a00000|100%| O|  |TAMS 0x00000000c1900000| PB 0x00000000c1900000| Untracked |  0
|  26|0x00000000c1a00000, 0x00000000c1b00000, 0x00000000c1b00000|100%| O|  |TAMS 0x00000000c1a00000| PB 0x00000000c1a00000| Untracked |  0
|  27|0x00000000c1b00000, 0x00000000c1c00000, 0x00000000c1c00000|100%| O|  |TAMS 0x00000000c1b00000| PB 0x00000000c1b00000| Untracked |  0
|  28|0x00000000c1c00000, 0x00000000c1d00000, 0x00000000c1d00000|100%| O|  |TAMS 0x00000000c1c00000| PB 0x00000000c1c00000| Untracked |  0
|  29|0x00000000c1d00000, 0x00000000c1e00000, 0x00000000c1e00000|100%| O|  |TAMS 0x00000000c1d00000| PB 0x00000000c1d00000| Untracked |  0
|  30|0x00000000c1e00000, 0x00000000c1f00000, 0x00000000c1f00000|100%| O|  |TAMS 0x00000000c1e00000| PB 0x00000000c1e00000| Untracked |  0
|  31|0x00000000c1f00000, 0x00000000c2000000, 0x00000000c2000000|100%| O|  |TAMS 0x00000000c1f00000| PB 0x00000000c1f00000| Untracked |  0
|  32|0x00000000c2000000, 0x00000000c2100000, 0x00000000c2100000|100%| O|  |TAMS 0x00000000c2000000| PB 0x00000000c2000000| Untracked |  0
|  33|0x00000000c2100000, 0x00000000c2200000, 0x00000000c2200000|100%| O|  |TAMS 0x00000000c2100000| PB 0x00000000c2100000| Untracked |  0
|  34|0x00000000c2200000, 0x00000000c2300000, 0x00000000c2300000|100%| O|  |TAMS 0x00000000c2200000| PB 0x00000000c2200000| Untracked |  0
|  35|0x00000000c2300000, 0x00000000c2400000, 0x00000000c2400000|100%| O|  |TAMS 0x00000000c2300000| PB 0x00000000c2300000| Untracked |  0
|  36|0x00000000c2400000, 0x00000000c2500000, 0x00000000c2500000|100%| O|  |TAMS 0x00000000c2400000| PB 0x00000000c2400000| Untracked |  0
|  37|0x00000000c2500000, 0x00000000c2600000, 0x00000000c2600000|100%| O|  |TAMS 0x00000000c2500000| PB 0x00000000c2500000| Untracked |  0
|  38|0x00000000c2600000, 0x00000000c2700000, 0x00000000c2700000|100%| O|  |TAMS 0x00000000c2600000| PB 0x00000000c2600000| Untracked |  0
|  39|0x00000000c2700000, 0x00000000c2800000, 0x00000000c2800000|100%| O|  |TAMS 0x00000000c2700000| PB 0x00000000c2700000| Untracked |  0
|  40|0x00000000c2800000, 0x00000000c2800000, 0x00000000c2900000|  0%| F|  |TAMS 0x00000000c2800000| PB 0x00000000c2800000| Untracked |  0
|  41|0x00000000c2900000, 0x00000000c2a00000, 0x00000000c2a00000|100%| O|  |TAMS 0x00000000c2900000| PB 0x00000000c2900000| Untracked |  0
|  42|0x00000000c2a00000, 0x00000000c2b00000, 0x00000000c2b00000|100%| O|  |TAMS 0x00000000c2a00000| PB 0x00000000c2a00000| Untracked |  0
|  43|0x00000000c2b00000, 0x00000000c2c00000, 0x00000000c2c00000|100%| O|  |TAMS 0x00000000c2b00000| PB 0x00000000c2b00000| Untracked |  0
|  44|0x00000000c2c00000, 0x00000000c2d00000, 0x00000000c2d00000|100%| O|  |TAMS 0x00000000c2c00000| PB 0x00000000c2c00000| Untracked |  0
|  45|0x00000000c2d00000, 0x00000000c2e00000, 0x00000000c2e00000|100%| O|  |TAMS 0x00000000c2d00000| PB 0x00000000c2d00000| Untracked |  0
|  46|0x00000000c2e00000, 0x00000000c2f00000, 0x00000000c2f00000|100%| O|  |TAMS 0x00000000c2e00000| PB 0x00000000c2e00000| Untracked |  0
|  47|0x00000000c2f00000, 0x00000000c3000000, 0x00000000c3000000|100%| O|  |TAMS 0x00000000c2f00000| PB 0x00000000c2f00000| Untracked |  0
|  48|0x00000000c3000000, 0x00000000c3100000, 0x00000000c3100000|100%| O|  |TAMS 0x00000000c3000000| PB 0x00000000c3000000| Untracked |  0
|  49|0x00000000c3100000, 0x00000000c3200000, 0x00000000c3200000|100%| O|  |TAMS 0x00000000c3100000| PB 0x00000000c3100000| Untracked |  0
|  50|0x00000000c3200000, 0x00000000c3300000, 0x00000000c3300000|100%| O|  |TAMS 0x00000000c3200000| PB 0x00000000c3200000| Untracked |  0
|  51|0x00000000c3300000, 0x00000000c3400000, 0x00000000c3400000|100%| O|  |TAMS 0x00000000c3300000| PB 0x00000000c3300000| Untracked |  0
|  52|0x00000000c3400000, 0x00000000c3500000, 0x00000000c3500000|100%| O|  |TAMS 0x00000000c3400000| PB 0x00000000c3400000| Untracked |  0
|  53|0x00000000c3500000, 0x00000000c3600000, 0x00000000c3600000|100%|HS|  |TAMS 0x00000000c3500000| PB 0x00000000c3500000| Complete |  0
|  54|0x00000000c3600000, 0x00000000c3700000, 0x00000000c3700000|100%|HS|  |TAMS 0x00000000c3600000| PB 0x00000000c3600000| Complete |  0
|  55|0x00000000c3700000, 0x00000000c3800000, 0x00000000c3800000|100%|HS|  |TAMS 0x00000000c3700000| PB 0x00000000c3700000| Complete |  0
|  56|0x00000000c3800000, 0x00000000c3900000, 0x00000000c3900000|100%|HC|  |TAMS 0x00000000c3800000| PB 0x00000000c3800000| Complete |  0
|  57|0x00000000c3900000, 0x00000000c3a00000, 0x00000000c3a00000|100%|HS|  |TAMS 0x00000000c3900000| PB 0x00000000c3900000| Complete |  0
|  58|0x00000000c3a00000, 0x00000000c3b00000, 0x00000000c3b00000|100%|HS|  |TAMS 0x00000000c3a00000| PB 0x00000000c3a00000| Complete |  0
|  59|0x00000000c3b00000, 0x00000000c3c00000, 0x00000000c3c00000|100%| O|  |TAMS 0x00000000c3b00000| PB 0x00000000c3b00000| Untracked |  0
|  60|0x00000000c3c00000, 0x00000000c3d00000, 0x00000000c3d00000|100%|HS|  |TAMS 0x00000000c3c00000| PB 0x00000000c3c00000| Complete |  0
|  61|0x00000000c3d00000, 0x00000000c3e00000, 0x00000000c3e00000|100%|HS|  |TAMS 0x00000000c3d00000| PB 0x00000000c3d00000| Complete |  0
|  62|0x00000000c3e00000, 0x00000000c3f00000, 0x00000000c3f00000|100%| O|  |TAMS 0x00000000c3e00000| PB 0x00000000c3e00000| Untracked |  0
|  63|0x00000000c3f00000, 0x00000000c4000000, 0x00000000c4000000|100%| O|  |TAMS 0x00000000c3f00000| PB 0x00000000c3f00000| Untracked |  0
|  64|0x00000000c4000000, 0x00000000c4100000, 0x00000000c4100000|100%| O|  |TAMS 0x00000000c4000000| PB 0x00000000c4000000| Untracked |  0
|  65|0x00000000c4100000, 0x00000000c4200000, 0x00000000c4200000|100%| O|  |TAMS 0x00000000c4100000| PB 0x00000000c4100000| Untracked |  0
|  66|0x00000000c4200000, 0x00000000c4300000, 0x00000000c4300000|100%| O|  |TAMS 0x00000000c4200000| PB 0x00000000c4200000| Untracked |  0
|  67|0x00000000c4300000, 0x00000000c4400000, 0x00000000c4400000|100%| O|  |TAMS 0x00000000c4300000| PB 0x00000000c4300000| Untracked |  0
|  68|0x00000000c4400000, 0x00000000c4500000, 0x00000000c4500000|100%| O|  |TAMS 0x00000000c4400000| PB 0x00000000c4400000| Untracked |  0
|  69|0x00000000c4500000, 0x00000000c4600000, 0x00000000c4600000|100%| O|  |TAMS 0x00000000c4500000| PB 0x00000000c4500000| Untracked |  0
|  70|0x00000000c4600000, 0x00000000c4700000, 0x00000000c4700000|100%| O|  |TAMS 0x00000000c4600000| PB 0x00000000c4600000| Untracked |  0
|  71|0x00000000c4700000, 0x00000000c4800000, 0x00000000c4800000|100%|HS|  |TAMS 0x00000000c4700000| PB 0x00000000c4700000| Complete |  0
|  72|0x00000000c4800000, 0x00000000c4900000, 0x00000000c4900000|100%|HC|  |TAMS 0x00000000c4800000| PB 0x00000000c4800000| Complete |  0
|  73|0x00000000c4900000, 0x00000000c4a00000, 0x00000000c4a00000|100%| O|  |TAMS 0x00000000c4900000| PB 0x00000000c4900000| Untracked |  0
|  74|0x00000000c4a00000, 0x00000000c4b00000, 0x00000000c4b00000|100%|HS|  |TAMS 0x00000000c4a00000| PB 0x00000000c4a00000| Complete |  0
|  75|0x00000000c4b00000, 0x00000000c4c00000, 0x00000000c4c00000|100%| O|  |TAMS 0x00000000c4b00000| PB 0x00000000c4b00000| Untracked |  0
|  76|0x00000000c4c00000, 0x00000000c4d00000, 0x00000000c4d00000|100%| O|  |TAMS 0x00000000c4c00000| PB 0x00000000c4c00000| Untracked |  0
|  77|0x00000000c4d00000, 0x00000000c4e00000, 0x00000000c4e00000|100%| O|  |TAMS 0x00000000c4d00000| PB 0x00000000c4d00000| Untracked |  0
|  78|0x00000000c4e00000, 0x00000000c4f00000, 0x00000000c4f00000|100%| O|  |TAMS 0x00000000c4e00000| PB 0x00000000c4e00000| Untracked |  0
|  79|0x00000000c4f00000, 0x00000000c5000000, 0x00000000c5000000|100%| O|  |TAMS 0x00000000c4f00000| PB 0x00000000c4f00000| Untracked |  0
|  80|0x00000000c5000000, 0x00000000c5100000, 0x00000000c5100000|100%| O|  |TAMS 0x00000000c5000000| PB 0x00000000c5000000| Untracked |  0
|  81|0x00000000c5100000, 0x00000000c5200000, 0x00000000c5200000|100%| O|  |TAMS 0x00000000c5100000| PB 0x00000000c5100000| Untracked |  0
|  82|0x00000000c5200000, 0x00000000c5300000, 0x00000000c5300000|100%| O|  |TAMS 0x00000000c5200000| PB 0x00000000c5200000| Untracked |  0
|  83|0x00000000c5300000, 0x00000000c5300000, 0x00000000c5400000|  0%| F|  |TAMS 0x00000000c5300000| PB 0x00000000c5300000| Untracked |  0
|  84|0x00000000c5400000, 0x00000000c5500000, 0x00000000c5500000|100%| O|  |TAMS 0x00000000c5400000| PB 0x00000000c5400000| Untracked |  0
|  85|0x00000000c5500000, 0x00000000c5600000, 0x00000000c5600000|100%| O|  |TAMS 0x00000000c5500000| PB 0x00000000c5500000| Untracked |  0
|  86|0x00000000c5600000, 0x00000000c5700000, 0x00000000c5700000|100%| O|  |TAMS 0x00000000c5600000| PB 0x00000000c5600000| Untracked |  0
|  87|0x00000000c5700000, 0x00000000c5800000, 0x00000000c5800000|100%| O|  |TAMS 0x00000000c5700000| PB 0x00000000c5700000| Untracked |  0
|  88|0x00000000c5800000, 0x00000000c5900000, 0x00000000c5900000|100%| O|  |TAMS 0x00000000c5800000| PB 0x00000000c5800000| Untracked |  0
|  89|0x00000000c5900000, 0x00000000c5a00000, 0x00000000c5a00000|100%| O|  |TAMS 0x00000000c5900000| PB 0x00000000c5900000| Untracked |  0
|  90|0x00000000c5a00000, 0x00000000c5b00000, 0x00000000c5b00000|100%| O|  |TAMS 0x00000000c5a00000| PB 0x00000000c5a00000| Untracked |  0
|  91|0x00000000c5b00000, 0x00000000c5c00000, 0x00000000c5c00000|100%| O|  |TAMS 0x00000000c5b00000| PB 0x00000000c5b00000| Untracked |  0
|  92|0x00000000c5c00000, 0x00000000c5d00000, 0x00000000c5d00000|100%| O|  |TAMS 0x00000000c5c00000| PB 0x00000000c5c00000| Untracked |  0
|  93|0x00000000c5d00000, 0x00000000c5e00000, 0x00000000c5e00000|100%| O|  |TAMS 0x00000000c5d00000| PB 0x00000000c5d00000| Untracked |  0
|  94|0x00000000c5e00000, 0x00000000c5f00000, 0x00000000c5f00000|100%| O|  |TAMS 0x00000000c5e00000| PB 0x00000000c5e00000| Untracked |  0
|  95|0x00000000c5f00000, 0x00000000c6000000, 0x00000000c6000000|100%| O|  |TAMS 0x00000000c5f00000| PB 0x00000000c5f00000| Untracked |  0
|  96|0x00000000c6000000, 0x00000000c6100000, 0x00000000c6100000|100%| O|  |TAMS 0x00000000c6000000| PB 0x00000000c6000000| Untracked |  0
|  97|0x00000000c6100000, 0x00000000c6200000, 0x00000000c6200000|100%| O|  |TAMS 0x00000000c6100000| PB 0x00000000c6100000| Untracked |  0
|  98|0x00000000c6200000, 0x00000000c6300000, 0x00000000c6300000|100%| O|  |TAMS 0x00000000c6200000| PB 0x00000000c6200000| Untracked |  0
|  99|0x00000000c6300000, 0x00000000c6400000, 0x00000000c6400000|100%| O|  |TAMS 0x00000000c6300000| PB 0x00000000c6300000| Untracked |  0
| 100|0x00000000c6400000, 0x00000000c6500000, 0x00000000c6500000|100%| O|  |TAMS 0x00000000c6400000| PB 0x00000000c6400000| Untracked |  0
| 101|0x00000000c6500000, 0x00000000c6600000, 0x00000000c6600000|100%| O|  |TAMS 0x00000000c6500000| PB 0x00000000c6500000| Untracked |  0
| 102|0x00000000c6600000, 0x00000000c6700000, 0x00000000c6700000|100%| O|  |TAMS 0x00000000c6600000| PB 0x00000000c6600000| Untracked |  0
| 103|0x00000000c6700000, 0x00000000c6800000, 0x00000000c6800000|100%| O|  |TAMS 0x00000000c6700000| PB 0x00000000c6700000| Untracked |  0
| 104|0x00000000c6800000, 0x00000000c6900000, 0x00000000c6900000|100%| O|  |TAMS 0x00000000c6800000| PB 0x00000000c6800000| Untracked |  0
| 105|0x00000000c6900000, 0x00000000c6a00000, 0x00000000c6a00000|100%| O|  |TAMS 0x00000000c6900000| PB 0x00000000c6900000| Untracked |  0
| 106|0x00000000c6a00000, 0x00000000c6a00000, 0x00000000c6b00000|  0%| F|  |TAMS 0x00000000c6a00000| PB 0x00000000c6a00000| Untracked |  0
| 107|0x00000000c6b00000, 0x00000000c6c00000, 0x00000000c6c00000|100%| O|  |TAMS 0x00000000c6b00000| PB 0x00000000c6b00000| Untracked |  0
| 108|0x00000000c6c00000, 0x00000000c6d00000, 0x00000000c6d00000|100%| O|  |TAMS 0x00000000c6c00000| PB 0x00000000c6c00000| Untracked |  0
| 109|0x00000000c6d00000, 0x00000000c6e00000, 0x00000000c6e00000|100%| O|  |TAMS 0x00000000c6d00000| PB 0x00000000c6d00000| Untracked |  0
| 110|0x00000000c6e00000, 0x00000000c6f00000, 0x00000000c6f00000|100%| O|  |TAMS 0x00000000c6e00000| PB 0x00000000c6e00000| Untracked |  0
| 111|0x00000000c6f00000, 0x00000000c7000000, 0x00000000c7000000|100%| O|  |TAMS 0x00000000c6f00000| PB 0x00000000c6f00000| Untracked |  0
| 112|0x00000000c7000000, 0x00000000c7100000, 0x00000000c7100000|100%| O|  |TAMS 0x00000000c7000000| PB 0x00000000c7000000| Untracked |  0
| 113|0x00000000c7100000, 0x00000000c7200000, 0x00000000c7200000|100%| O|  |TAMS 0x00000000c7100000| PB 0x00000000c7100000| Untracked |  0
| 114|0x00000000c7200000, 0x00000000c7300000, 0x00000000c7300000|100%| O|  |TAMS 0x00000000c7200000| PB 0x00000000c7200000| Untracked |  0
| 115|0x00000000c7300000, 0x00000000c7400000, 0x00000000c7400000|100%| O|  |TAMS 0x00000000c7300000| PB 0x00000000c7300000| Untracked |  0
| 116|0x00000000c7400000, 0x00000000c7400000, 0x00000000c7500000|  0%| F|  |TAMS 0x00000000c7400000| PB 0x00000000c7400000| Untracked |  0
| 117|0x00000000c7500000, 0x00000000c7500000, 0x00000000c7600000|  0%| F|  |TAMS 0x00000000c7500000| PB 0x00000000c7500000| Untracked |  0
| 118|0x00000000c7600000, 0x00000000c7600000, 0x00000000c7700000|  0%| F|  |TAMS 0x00000000c7600000| PB 0x00000000c7600000| Untracked |  0
| 119|0x00000000c7700000, 0x00000000c7800000, 0x00000000c7800000|100%| O|  |TAMS 0x00000000c7700000| PB 0x00000000c7700000| Untracked |  0
| 120|0x00000000c7800000, 0x00000000c7800000, 0x00000000c7900000|  0%| F|  |TAMS 0x00000000c7800000| PB 0x00000000c7800000| Untracked |  0
| 121|0x00000000c7900000, 0x00000000c7900000, 0x00000000c7a00000|  0%| F|  |TAMS 0x00000000c7900000| PB 0x00000000c7900000| Untracked |  0
| 122|0x00000000c7a00000, 0x00000000c7a00000, 0x00000000c7b00000|  0%| F|  |TAMS 0x00000000c7a00000| PB 0x00000000c7a00000| Untracked |  0
| 123|0x00000000c7b00000, 0x00000000c7b00000, 0x00000000c7c00000|  0%| F|  |TAMS 0x00000000c7b00000| PB 0x00000000c7b00000| Untracked |  0
| 124|0x00000000c7c00000, 0x00000000c7c00000, 0x00000000c7d00000|  0%| F|  |TAMS 0x00000000c7c00000| PB 0x00000000c7c00000| Untracked |  0
| 125|0x00000000c7d00000, 0x00000000c7e00000, 0x00000000c7e00000|100%|HS|  |TAMS 0x00000000c7d00000| PB 0x00000000c7d00000| Complete |  0
| 126|0x00000000c7e00000, 0x00000000c7f00000, 0x00000000c7f00000|100%|HC|  |TAMS 0x00000000c7e00000| PB 0x00000000c7e00000| Complete |  0
| 127|0x00000000c7f00000, 0x00000000c8000000, 0x00000000c8000000|100%|HC|  |TAMS 0x00000000c7f00000| PB 0x00000000c7f00000| Complete |  0
| 128|0x00000000c8000000, 0x00000000c8100000, 0x00000000c8100000|100%|HC|  |TAMS 0x00000000c8000000| PB 0x00000000c8000000| Complete |  0
| 129|0x00000000c8100000, 0x00000000c8200000, 0x00000000c8200000|100%| O|  |TAMS 0x00000000c8100000| PB 0x00000000c8100000| Untracked |  0
| 130|0x00000000c8200000, 0x00000000c8300000, 0x00000000c8300000|100%| O|  |TAMS 0x00000000c8200000| PB 0x00000000c8200000| Untracked |  0
| 131|0x00000000c8300000, 0x00000000c8300000, 0x00000000c8400000|  0%| F|  |TAMS 0x00000000c8300000| PB 0x00000000c8300000| Untracked |  0
| 132|0x00000000c8400000, 0x00000000c8400000, 0x00000000c8500000|  0%| F|  |TAMS 0x00000000c8400000| PB 0x00000000c8400000| Untracked |  0
| 133|0x00000000c8500000, 0x00000000c8600000, 0x00000000c8600000|100%| O|  |TAMS 0x00000000c8500000| PB 0x00000000c8500000| Untracked |  0
| 134|0x00000000c8600000, 0x00000000c8700000, 0x00000000c8700000|100%| O|  |TAMS 0x00000000c8600000| PB 0x00000000c8600000| Untracked |  0
| 135|0x00000000c8700000, 0x00000000c8800000, 0x00000000c8800000|100%| O|Cm|TAMS 0x00000000c8700000| PB 0x00000000c8700000| Complete |  0
| 136|0x00000000c8800000, 0x00000000c8900000, 0x00000000c8900000|100%| O|Cm|TAMS 0x00000000c8800000| PB 0x00000000c8800000| Complete |  0
| 137|0x00000000c8900000, 0x00000000c8a00000, 0x00000000c8a00000|100%| O|Cm|TAMS 0x00000000c8900000| PB 0x00000000c8900000| Complete |  0
| 138|0x00000000c8a00000, 0x00000000c8b00000, 0x00000000c8b00000|100%| O|Cm|TAMS 0x00000000c8a00000| PB 0x00000000c8a00000| Complete |  0
| 139|0x00000000c8b00000, 0x00000000c8bf87b8, 0x00000000c8c00000| 97%| E|  |TAMS 0x00000000c8b00000| PB 0x00000000c8b00000| Complete |  0
| 140|0x00000000c8c00000, 0x00000000c8d00000, 0x00000000c8d00000|100%| E|CS|TAMS 0x00000000c8c00000| PB 0x00000000c8c00000| Complete |  0
| 141|0x00000000c8d00000, 0x00000000c8e00000, 0x00000000c8e00000|100%| E|CS|TAMS 0x00000000c8d00000| PB 0x00000000c8d00000| Complete |  0
| 142|0x00000000c8e00000, 0x00000000c8f00000, 0x00000000c8f00000|100%| E|CS|TAMS 0x00000000c8e00000| PB 0x00000000c8e00000| Complete |  0
| 143|0x00000000c8f00000, 0x00000000c9000000, 0x00000000c9000000|100%| E|CS|TAMS 0x00000000c8f00000| PB 0x00000000c8f00000| Complete |  0
| 144|0x00000000c9000000, 0x00000000c9100000, 0x00000000c9100000|100%| E|CS|TAMS 0x00000000c9000000| PB 0x00000000c9000000| Complete |  0
| 145|0x00000000c9100000, 0x00000000c9200000, 0x00000000c9200000|100%| E|CS|TAMS 0x00000000c9100000| PB 0x00000000c9100000| Complete |  0
| 146|0x00000000c9200000, 0x00000000c9300000, 0x00000000c9300000|100%| E|CS|TAMS 0x00000000c9200000| PB 0x00000000c9200000| Complete |  0
| 147|0x00000000c9300000, 0x00000000c9400000, 0x00000000c9400000|100%| E|  |TAMS 0x00000000c9300000| PB 0x00000000c9300000| Complete |  0
| 148|0x00000000c9400000, 0x00000000c9500000, 0x00000000c9500000|100%| E|CS|TAMS 0x00000000c9400000| PB 0x00000000c9400000| Complete |  0
| 149|0x00000000c9500000, 0x00000000c9600000, 0x00000000c9600000|100%| E|CS|TAMS 0x00000000c9500000| PB 0x00000000c9500000| Complete |  0
| 150|0x00000000c9600000, 0x00000000c9700000, 0x00000000c9700000|100%| E|CS|TAMS 0x00000000c9600000| PB 0x00000000c9600000| Complete |  0
| 151|0x00000000c9700000, 0x00000000c9800000, 0x00000000c9800000|100%| E|CS|TAMS 0x00000000c9700000| PB 0x00000000c9700000| Complete |  0
| 152|0x00000000c9800000, 0x00000000c9900000, 0x00000000c9900000|100%| E|CS|TAMS 0x00000000c9800000| PB 0x00000000c9800000| Complete |  0
| 153|0x00000000c9900000, 0x00000000c9a00000, 0x00000000c9a00000|100%| E|CS|TAMS 0x00000000c9900000| PB 0x00000000c9900000| Complete |  0
| 154|0x00000000c9a00000, 0x00000000c9b00000, 0x00000000c9b00000|100%| E|CS|TAMS 0x00000000c9a00000| PB 0x00000000c9a00000| Complete |  0
| 155|0x00000000c9b00000, 0x00000000c9c00000, 0x00000000c9c00000|100%| E|CS|TAMS 0x00000000c9b00000| PB 0x00000000c9b00000| Complete |  0
| 156|0x00000000c9c00000, 0x00000000c9d00000, 0x00000000c9d00000|100%| E|CS|TAMS 0x00000000c9c00000| PB 0x00000000c9c00000| Complete |  0
| 157|0x00000000c9d00000, 0x00000000c9e00000, 0x00000000c9e00000|100%| E|CS|TAMS 0x00000000c9d00000| PB 0x00000000c9d00000| Complete |  0
| 158|0x00000000c9e00000, 0x00000000c9f00000, 0x00000000c9f00000|100%| E|CS|TAMS 0x00000000c9e00000| PB 0x00000000c9e00000| Complete |  0
| 159|0x00000000c9f00000, 0x00000000c9fbe4b0, 0x00000000ca000000| 74%| S|CS|TAMS 0x00000000c9f00000| PB 0x00000000c9f00000| Complete |  0
| 160|0x00000000ca000000, 0x00000000ca100000, 0x00000000ca100000|100%| S|CS|TAMS 0x00000000ca000000| PB 0x00000000ca000000| Complete |  0
| 161|0x00000000ca100000, 0x00000000ca200000, 0x00000000ca200000|100%| S|CS|TAMS 0x00000000ca100000| PB 0x00000000ca100000| Complete |  0
| 162|0x00000000ca200000, 0x00000000ca300000, 0x00000000ca300000|100%| S|CS|TAMS 0x00000000ca200000| PB 0x00000000ca200000| Complete |  0
| 163|0x00000000ca300000, 0x00000000ca400000, 0x00000000ca400000|100%| S|CS|TAMS 0x00000000ca300000| PB 0x00000000ca300000| Complete |  0
| 164|0x00000000ca400000, 0x00000000ca500000, 0x00000000ca500000|100%| S|CS|TAMS 0x00000000ca400000| PB 0x00000000ca400000| Complete |  0
| 165|0x00000000ca500000, 0x00000000ca600000, 0x00000000ca600000|100%| E|CS|TAMS 0x00000000ca500000| PB 0x00000000ca500000| Complete |  0
| 166|0x00000000ca600000, 0x00000000ca700000, 0x00000000ca700000|100%| E|CS|TAMS 0x00000000ca600000| PB 0x00000000ca600000| Complete |  0
| 167|0x00000000ca700000, 0x00000000ca800000, 0x00000000ca800000|100%| E|CS|TAMS 0x00000000ca700000| PB 0x00000000ca700000| Complete |  0
| 168|0x00000000ca800000, 0x00000000ca900000, 0x00000000ca900000|100%| E|CS|TAMS 0x00000000ca800000| PB 0x00000000ca800000| Complete |  0
| 169|0x00000000ca900000, 0x00000000caa00000, 0x00000000caa00000|100%| E|CS|TAMS 0x00000000ca900000| PB 0x00000000ca900000| Complete |  0
| 170|0x00000000caa00000, 0x00000000cab00000, 0x00000000cab00000|100%| E|CS|TAMS 0x00000000caa00000| PB 0x00000000caa00000| Complete |  0
| 171|0x00000000cab00000, 0x00000000cac00000, 0x00000000cac00000|100%| E|CS|TAMS 0x00000000cab00000| PB 0x00000000cab00000| Complete |  0
| 172|0x00000000cac00000, 0x00000000cad00000, 0x00000000cad00000|100%| E|CS|TAMS 0x00000000cac00000| PB 0x00000000cac00000| Complete |  0
| 173|0x00000000cad00000, 0x00000000cae00000, 0x00000000cae00000|100%| E|CS|TAMS 0x00000000cad00000| PB 0x00000000cad00000| Complete |  0
| 174|0x00000000cae00000, 0x00000000caf00000, 0x00000000caf00000|100%| E|CS|TAMS 0x00000000cae00000| PB 0x00000000cae00000| Complete |  0
| 175|0x00000000caf00000, 0x00000000cb000000, 0x00000000cb000000|100%| E|CS|TAMS 0x00000000caf00000| PB 0x00000000caf00000| Complete |  0
| 176|0x00000000cb000000, 0x00000000cb100000, 0x00000000cb100000|100%| E|CS|TAMS 0x00000000cb000000| PB 0x00000000cb000000| Complete |  0
| 177|0x00000000cb100000, 0x00000000cb200000, 0x00000000cb200000|100%| E|CS|TAMS 0x00000000cb100000| PB 0x00000000cb100000| Complete |  0
| 178|0x00000000cb200000, 0x00000000cb300000, 0x00000000cb300000|100%| E|CS|TAMS 0x00000000cb200000| PB 0x00000000cb200000| Complete |  0
| 179|0x00000000cb300000, 0x00000000cb400000, 0x00000000cb400000|100%| E|CS|TAMS 0x00000000cb300000| PB 0x00000000cb300000| Complete |  0
| 180|0x00000000cb400000, 0x00000000cb500000, 0x00000000cb500000|100%| E|CS|TAMS 0x00000000cb400000| PB 0x00000000cb400000| Complete |  0
| 181|0x00000000cb500000, 0x00000000cb600000, 0x00000000cb600000|100%| E|CS|TAMS 0x00000000cb500000| PB 0x00000000cb500000| Complete |  0
| 182|0x00000000cb600000, 0x00000000cb700000, 0x00000000cb700000|100%| E|CS|TAMS 0x00000000cb600000| PB 0x00000000cb600000| Complete |  0
| 183|0x00000000cb700000, 0x00000000cb800000, 0x00000000cb800000|100%| E|CS|TAMS 0x00000000cb700000| PB 0x00000000cb700000| Complete |  0
| 184|0x00000000cb800000, 0x00000000cb900000, 0x00000000cb900000|100%| E|CS|TAMS 0x00000000cb800000| PB 0x00000000cb800000| Complete |  0
| 185|0x00000000cb900000, 0x00000000cba00000, 0x00000000cba00000|100%| E|CS|TAMS 0x00000000cb900000| PB 0x00000000cb900000| Complete |  0
| 186|0x00000000cba00000, 0x00000000cbb00000, 0x00000000cbb00000|100%| E|CS|TAMS 0x00000000cba00000| PB 0x00000000cba00000| Complete |  0
| 187|0x00000000cbb00000, 0x00000000cbc00000, 0x00000000cbc00000|100%| E|CS|TAMS 0x00000000cbb00000| PB 0x00000000cbb00000| Complete |  0
| 188|0x00000000cbc00000, 0x00000000cbd00000, 0x00000000cbd00000|100%| E|CS|TAMS 0x00000000cbc00000| PB 0x00000000cbc00000| Complete |  0
| 189|0x00000000cbd00000, 0x00000000cbe00000, 0x00000000cbe00000|100%| E|CS|TAMS 0x00000000cbd00000| PB 0x00000000cbd00000| Complete |  0
| 190|0x00000000cbe00000, 0x00000000cbf00000, 0x00000000cbf00000|100%| E|CS|TAMS 0x00000000cbe00000| PB 0x00000000cbe00000| Complete |  0
| 191|0x00000000cbf00000, 0x00000000cc000000, 0x00000000cc000000|100%| E|CS|TAMS 0x00000000cbf00000| PB 0x00000000cbf00000| Complete |  0
| 192|0x00000000cc000000, 0x00000000cc100000, 0x00000000cc100000|100%| E|CS|TAMS 0x00000000cc000000| PB 0x00000000cc000000| Complete |  0
| 193|0x00000000cc100000, 0x00000000cc200000, 0x00000000cc200000|100%| E|CS|TAMS 0x00000000cc100000| PB 0x00000000cc100000| Complete |  0
| 194|0x00000000cc200000, 0x00000000cc300000, 0x00000000cc300000|100%| E|CS|TAMS 0x00000000cc200000| PB 0x00000000cc200000| Complete |  0
| 195|0x00000000cc300000, 0x00000000cc400000, 0x00000000cc400000|100%| E|CS|TAMS 0x00000000cc300000| PB 0x00000000cc300000| Complete |  0
| 196|0x00000000cc400000, 0x00000000cc500000, 0x00000000cc500000|100%| E|CS|TAMS 0x00000000cc400000| PB 0x00000000cc400000| Complete |  0
| 197|0x00000000cc500000, 0x00000000cc600000, 0x00000000cc600000|100%| E|CS|TAMS 0x00000000cc500000| PB 0x00000000cc500000| Complete |  0
| 198|0x00000000cc600000, 0x00000000cc700000, 0x00000000cc700000|100%| E|CS|TAMS 0x00000000cc600000| PB 0x00000000cc600000| Complete |  0
| 199|0x00000000cc700000, 0x00000000cc800000, 0x00000000cc800000|100%| E|CS|TAMS 0x00000000cc700000| PB 0x00000000cc700000| Complete |  0
| 200|0x00000000cc800000, 0x00000000cc900000, 0x00000000cc900000|100%| E|CS|TAMS 0x00000000cc800000| PB 0x00000000cc800000| Complete |  0
| 201|0x00000000cc900000, 0x00000000cca00000, 0x00000000cca00000|100%| E|CS|TAMS 0x00000000cc900000| PB 0x00000000cc900000| Complete |  0
| 202|0x00000000cca00000, 0x00000000ccb00000, 0x00000000ccb00000|100%| E|CS|TAMS 0x00000000cca00000| PB 0x00000000cca00000| Complete |  0
| 203|0x00000000ccb00000, 0x00000000ccc00000, 0x00000000ccc00000|100%| E|CS|TAMS 0x00000000ccb00000| PB 0x00000000ccb00000| Complete |  0
| 204|0x00000000ccc00000, 0x00000000ccd00000, 0x00000000ccd00000|100%| E|CS|TAMS 0x00000000ccc00000| PB 0x00000000ccc00000| Complete |  0
| 205|0x00000000ccd00000, 0x00000000cce00000, 0x00000000cce00000|100%| E|CS|TAMS 0x00000000ccd00000| PB 0x00000000ccd00000| Complete |  0
| 206|0x00000000cce00000, 0x00000000ccf00000, 0x00000000ccf00000|100%| E|CS|TAMS 0x00000000cce00000| PB 0x00000000cce00000| Complete |  0
| 207|0x00000000ccf00000, 0x00000000cd000000, 0x00000000cd000000|100%| E|CS|TAMS 0x00000000ccf00000| PB 0x00000000ccf00000| Complete |  0
| 208|0x00000000cd000000, 0x00000000cd100000, 0x00000000cd100000|100%| E|CS|TAMS 0x00000000cd000000| PB 0x00000000cd000000| Complete |  0
| 209|0x00000000cd100000, 0x00000000cd200000, 0x00000000cd200000|100%| E|CS|TAMS 0x00000000cd100000| PB 0x00000000cd100000| Complete |  0
| 210|0x00000000cd200000, 0x00000000cd300000, 0x00000000cd300000|100%| E|CS|TAMS 0x00000000cd200000| PB 0x00000000cd200000| Complete |  0
| 211|0x00000000cd300000, 0x00000000cd400000, 0x00000000cd400000|100%| E|CS|TAMS 0x00000000cd300000| PB 0x00000000cd300000| Complete |  0
| 212|0x00000000cd400000, 0x00000000cd500000, 0x00000000cd500000|100%| E|CS|TAMS 0x00000000cd400000| PB 0x00000000cd400000| Complete |  0
| 213|0x00000000cd500000, 0x00000000cd600000, 0x00000000cd600000|100%| E|CS|TAMS 0x00000000cd500000| PB 0x00000000cd500000| Complete |  0
| 214|0x00000000cd600000, 0x00000000cd700000, 0x00000000cd700000|100%| E|CS|TAMS 0x00000000cd600000| PB 0x00000000cd600000| Complete |  0
| 215|0x00000000cd700000, 0x00000000cd800000, 0x00000000cd800000|100%| E|CS|TAMS 0x00000000cd700000| PB 0x00000000cd700000| Complete |  0
| 216|0x00000000cd800000, 0x00000000cd900000, 0x00000000cd900000|100%| E|CS|TAMS 0x00000000cd800000| PB 0x00000000cd800000| Complete |  0
| 217|0x00000000cd900000, 0x00000000cda00000, 0x00000000cda00000|100%| E|CS|TAMS 0x00000000cd900000| PB 0x00000000cd900000| Complete |  0
|1012|0x00000000ff400000, 0x00000000ff500000, 0x00000000ff500000|100%| E|CS|TAMS 0x00000000ff400000| PB 0x00000000ff400000| Complete |  0
|1013|0x00000000ff500000, 0x00000000ff600000, 0x00000000ff600000|100%| E|CS|TAMS 0x00000000ff500000| PB 0x00000000ff500000| Complete |  0
|1014|0x00000000ff600000, 0x00000000ff700000, 0x00000000ff700000|100%| E|CS|TAMS 0x00000000ff600000| PB 0x00000000ff600000| Complete |  0
|1015|0x00000000ff700000, 0x00000000ff800000, 0x00000000ff800000|100%| O|  |TAMS 0x00000000ff700000| PB 0x00000000ff700000| Untracked |  0
|1016|0x00000000ff800000, 0x00000000ff900000, 0x00000000ff900000|100%| E|CS|TAMS 0x00000000ff800000| PB 0x00000000ff800000| Complete |  0
|1017|0x00000000ff900000, 0x00000000ffa00000, 0x00000000ffa00000|100%| O|  |TAMS 0x00000000ff900000| PB 0x00000000ff900000| Untracked |  0
|1018|0x00000000ffa00000, 0x00000000ffb00000, 0x00000000ffb00000|100%| O|  |TAMS 0x00000000ffa00000| PB 0x00000000ffa00000| Untracked |  0
|1019|0x00000000ffb00000, 0x00000000ffc00000, 0x00000000ffc00000|100%| O|  |TAMS 0x00000000ffb00000| PB 0x00000000ffb00000| Untracked |  0
|1020|0x00000000ffc00000, 0x00000000ffd00000, 0x00000000ffd00000|100%| O|  |TAMS 0x00000000ffc00000| PB 0x00000000ffc00000| Untracked |  0
|1021|0x00000000ffd00000, 0x00000000ffe00000, 0x00000000ffe00000|100%| E|CS|TAMS 0x00000000ffd00000| PB 0x00000000ffd00000| Complete |  0
|1022|0x00000000ffe00000, 0x00000000fff00000, 0x00000000fff00000|100%| E|CS|TAMS 0x00000000ffe00000| PB 0x00000000ffe00000| Complete |  0
|1023|0x00000000fff00000, 0x0000000100000000, 0x0000000100000000|100%| E|CS|TAMS 0x00000000fff00000| PB 0x00000000fff00000| Complete |  0

Card table byte_map: [0x000001829cd70000,0x000001829cf70000] _byte_map_base: 0x000001829c770000

Marking Bits: (CMBitMap*) 0x000001828a6d8ea0
 Bits: [0x000001829cf70000, 0x000001829df70000)

Polling page: 0x0000018288450000

Metaspace:
Metaspace        used 127684K, committed 129856K, reserved 1179648K
 class space     used 18243K, committed 19264K, reserved 1048576K

Usage:
  Non-class:    106.88 MB used.
      Class:     17.82 MB used.
       Both:    124.69 MB used.

Virtual space:
  Non-class space:      128.00 MB reserved,     108.00 MB ( 84%) committed,  2 nodes.
      Class space:        1.00 GB reserved,      18.81 MB (  2%) committed,  1 nodes.
             Both:        1.12 GB reserved,     126.81 MB ( 11%) committed. 

Chunk freelists:
   Non-Class:  3.08 MB
       Class:  13.00 MB
        Both:  16.08 MB

MaxMetaspaceSize: unlimited
CompressedClassSpaceSize: 1.00 GB
Initial GC threshold: 21.00 MB
Current GC threshold: 201.56 MB
CDS: off
 - commit_granule_bytes: 65536.
 - commit_granule_words: 8192.
 - virtual_space_node_default_size: 8388608.
 - enlarge_chunks_in_place: 1.
UseCompressedClassPointers 1, UseCompactObjectHeaders 0
Narrow klass pointer bits 32, Max shift 3
Narrow klass base: 0x0000000000000000, Narrow klass shift: 0
Encoding Range: [0x0000000000000000 - 0x0000000100000000), (4294967296 bytes)
Klass Range:    [0x0000000008000000 - 0x0000000048000000), (1073741824 bytes)
Klass ID Range:  [134217728 - 1207959545) (1073741817)
No protection zone.


Internal statistics:

num_allocs_failed_limit: 6.
num_arena_births: 4328.
num_arena_deaths: 0.
num_vsnodes_births: 3.
num_vsnodes_deaths: 0.
num_space_committed: 2028.
num_space_uncommitted: 0.
num_chunks_returned_to_freelist: 6.
num_chunks_taken_from_freelist: 9392.
num_chunk_merges: 6.
num_chunk_splits: 6373.
num_chunks_enlarged: 4320.
num_inconsistent_stats: 0.

CodeHeap 'non-profiled nmethods': size=120064Kb used=6132Kb max_used=6132Kb free=113931Kb
 bounds [0x0000018295630000, 0x0000018295c30000, 0x000001829cb70000]
CodeHeap 'profiled nmethods': size=120000Kb used=16745Kb max_used=17025Kb free=103254Kb
 bounds [0x000001828db70000, 0x000001828ec30000, 0x00000182950a0000]
CodeHeap 'non-nmethods': size=5696Kb used=2091Kb max_used=2169Kb free=3605Kb
 bounds [0x00000182950a0000, 0x0000018295310000, 0x0000018295630000]
CodeCache: size=245760Kb, used=24968Kb, max_used=25326Kb, free=220790Kb
 total_blobs=13033, nmethods=12080, adapters=854, full_count=0
Compilation: enabled, stopped_count=0, restarted_count=0

Compilation events (20 events):
Event: 74.847 Thread 0x00000182a054c270 14954       3       org.gradle.api.internal.tasks.execution.ExecuteTaskBuildOperationDetails::getTask (8 bytes)
Event: 74.847 Thread 0x00000182a054c270 nmethod 14954 0x000001828e580d88 code [0x000001828e580e80, 0x000001828e580fc0]
Event: 74.870 Thread 0x00000182a054c270 14955       3       org.gradle.api.internal.attributes.immutable.ImmutableAttributesSchema$ImmutableAttributeMatchingStrategy$ChainedCompatibilityRule::execute (48 bytes)
Event: 74.870 Thread 0x00000182a054c270 nmethod 14955 0x000001828e50c888 code [0x000001828e50c980, 0x000001828e50cfa8]
Event: 74.873 Thread 0x00000182a054c270 14956       3       org.gradle.api.internal.attributes.matching.DefaultAttributeMatcher::matchMultipleCandidates (132 bytes)
Event: 74.875 Thread 0x00000182a054c270 nmethod 14956 0x000001828e484988 code [0x000001828e484a80, 0x000001828e4862e8]
Event: 74.875 Thread 0x00000182a054c270 14957       3       org.gradle.internal.component.model.AttributeMatchingExplanationBuilder::logging (4 bytes)
Event: 74.875 Thread 0x00000182a054c270 nmethod 14957 0x000001828e36f188 code [0x000001828e36f280, 0x000001828e36f810]
Event: 74.875 Thread 0x00000182a054c270 14958       3       org.gradle.internal.component.model.LoggingAttributeMatchingExplanationBuilder::logging (19 bytes)
Event: 74.876 Thread 0x00000182a054c270 nmethod 14958 0x000001828eb3ae08 code [0x000001828eb3af00, 0x000001828eb3b430]
Event: 74.876 Thread 0x00000182a054c270 14959       3       org.gradle.internal.collections.ImmutableFilteredList::get (15 bytes)
Event: 74.876 Thread 0x00000182a054c270 nmethod 14959 0x000001828e6be088 code [0x000001828e6be180, 0x000001828e6be388]
Event: 74.879 Thread 0x00000182a054c270 14960       3       org.gradle.internal.Deferrable$2::getCompleted (8 bytes)
Event: 74.879 Thread 0x00000182a054c270 nmethod 14960 0x000001828e55a608 code [0x000001828e55a700, 0x000001828e55ab08]
Event: 74.898 Thread 0x00000182a054c270 14961       2       java.util.Collections$SetFromMap::remove (19 bytes)
Event: 74.899 Thread 0x00000182a054c270 nmethod 14961 0x000001828e62ca88 code [0x000001828e62cb80, 0x000001828e62ccc8]
Event: 74.949 Thread 0x00000182a054c270 14962       3       sun.nio.fs.WindowsPathParser::parse (483 bytes)
Event: 74.955 Thread 0x00000182a054c270 nmethod 14962 0x000001828ddeb608 code [0x000001828ddeb700, 0x000001828ddf1348]
Event: 74.980 Thread 0x00000182a054c270 14965   !   3       org.gradle.cache.internal.locklistener.FileLockPacketPayload::readType (44 bytes)
Event: 74.981 Thread 0x00000182a054c270 nmethod 14965 0x000001828e1b2f88 code [0x000001828e1b3080, 0x000001828e1b3758]

GC Heap Usage History (20 events):
Event: 51.941 {heap Before GC invocations=68 (full 0):
 garbage-first heap   total reserved 1048576K, committed 211968K, used 170647K [0x00000000c0000000, 0x0000000100000000)
  region size 1024K, 48 young (49152K), 4 survivors (4096K)
}
Event: 51.950 {heap After GC invocations=69 (full 0):
 garbage-first heap   total reserved 1048576K, committed 211968K, used 125795K [0x00000000c0000000, 0x0000000100000000)
  region size 1024K, 4 young (4096K), 4 survivors (4096K)
}
Event: 52.527 {heap Before GC invocations=69 (full 0):
 garbage-first heap   total reserved 1048576K, committed 211968K, used 191331K [0x00000000c0000000, 0x0000000100000000)
  region size 1024K, 69 young (70656K), 4 survivors (4096K)
}
Event: 52.538 {heap After GC invocations=70 (full 0):
 garbage-first heap   total reserved 1048576K, committed 211968K, used 124312K [0x00000000c0000000, 0x0000000100000000)
  region size 1024K, 4 young (4096K), 4 survivors (4096K)
}
Event: 53.960 {heap Before GC invocations=70 (full 0):
 garbage-first heap   total reserved 1048576K, committed 211968K, used 194968K [0x00000000c0000000, 0x0000000100000000)
  region size 1024K, 74 young (75776K), 4 survivors (4096K)
}
Event: 53.981 {heap After GC invocations=71 (full 0):
 garbage-first heap   total reserved 1048576K, committed 211968K, used 126426K [0x00000000c0000000, 0x0000000100000000)
  region size 1024K, 6 young (6144K), 6 survivors (6144K)
}
Event: 56.194 {heap Before GC invocations=72 (full 0):
 garbage-first heap   total reserved 1048576K, committed 211968K, used 196058K [0x00000000c0000000, 0x0000000100000000)
  region size 1024K, 75 young (76800K), 6 survivors (6144K)
}
Event: 56.212 {heap After GC invocations=73 (full 0):
 garbage-first heap   total reserved 1048576K, committed 211968K, used 127330K [0x00000000c0000000, 0x0000000100000000)
  region size 1024K, 6 young (6144K), 6 survivors (6144K)
}
Event: 62.173 {heap Before GC invocations=73 (full 0):
 garbage-first heap   total reserved 1048576K, committed 211968K, used 197986K [0x00000000c0000000, 0x0000000100000000)
  region size 1024K, 76 young (77824K), 6 survivors (6144K)
}
Event: 62.232 {heap After GC invocations=74 (full 0):
 garbage-first heap   total reserved 1048576K, committed 211968K, used 127114K [0x00000000c0000000, 0x0000000100000000)
  region size 1024K, 6 young (6144K), 6 survivors (6144K)
}
Event: 67.585 {heap Before GC invocations=74 (full 0):
 garbage-first heap   total reserved 1048576K, committed 211968K, used 198794K [0x00000000c0000000, 0x0000000100000000)
  region size 1024K, 77 young (78848K), 6 survivors (6144K)
}
Event: 67.607 {heap After GC invocations=75 (full 0):
 garbage-first heap   total reserved 1048576K, committed 211968K, used 127350K [0x00000000c0000000, 0x0000000100000000)
  region size 1024K, 6 young (6144K), 6 survivors (6144K)
}
Event: 71.047 {heap Before GC invocations=76 (full 0):
 garbage-first heap   total reserved 1048576K, committed 214016K, used 200054K [0x00000000c0000000, 0x0000000100000000)
  region size 1024K, 77 young (78848K), 6 survivors (6144K)
}
Event: 71.072 {heap After GC invocations=77 (full 0):
 garbage-first heap   total reserved 1048576K, committed 214016K, used 134495K [0x00000000c0000000, 0x0000000100000000)
  region size 1024K, 10 young (10240K), 10 survivors (10240K)
}
Event: 73.508 {heap Before GC invocations=77 (full 0):
 garbage-first heap   total reserved 1048576K, committed 214016K, used 200031K [0x00000000c0000000, 0x0000000100000000)
  region size 1024K, 71 young (72704K), 10 survivors (10240K)
}
Event: 73.524 {heap After GC invocations=78 (full 0):
 garbage-first heap   total reserved 1048576K, committed 215040K, used 138408K [0x00000000c0000000, 0x0000000100000000)
  region size 1024K, 4 young (4096K), 4 survivors (4096K)
}
Event: 73.961 {heap Before GC invocations=78 (full 0):
 garbage-first heap   total reserved 1048576K, committed 215040K, used 198824K [0x00000000c0000000, 0x0000000100000000)
  region size 1024K, 64 young (65536K), 4 survivors (4096K)
}
Event: 73.967 {heap After GC invocations=79 (full 0):
 garbage-first heap   total reserved 1048576K, committed 215040K, used 139099K [0x00000000c0000000, 0x0000000100000000)
  region size 1024K, 5 young (5120K), 5 survivors (5120K)
}
Event: 74.643 {heap Before GC invocations=80 (full 0):
 garbage-first heap   total reserved 1048576K, committed 235520K, used 201149K [0x00000000c0000000, 0x0000000100000000)
  region size 1024K, 65 young (66560K), 5 survivors (5120K)
}
Event: 74.651 {heap After GC invocations=81 (full 0):
 garbage-first heap   total reserved 1048576K, committed 235520K, used 140025K [0x00000000c0000000, 0x0000000100000000)
  region size 1024K, 6 young (6144K), 6 survivors (6144K)
}

Metaspace Usage History (20 events):
Event: 51.941 {metaspace Before GC invocations=68 (full 0):
 Metaspace       used 116479K, committed 118720K, reserved 1179648K
  class space    used 17061K, committed 18112K, reserved 1048576K
}
Event: 51.950 {metaspace After GC invocations=69 (full 0):
 Metaspace       used 116479K, committed 118720K, reserved 1179648K
  class space    used 17061K, committed 18112K, reserved 1048576K
}
Event: 52.527 {metaspace Before GC invocations=69 (full 0):
 Metaspace       used 116480K, committed 118720K, reserved 1179648K
  class space    used 17061K, committed 18112K, reserved 1048576K
}
Event: 52.538 {metaspace After GC invocations=70 (full 0):
 Metaspace       used 116480K, committed 118720K, reserved 1179648K
  class space    used 17061K, committed 18112K, reserved 1048576K
}
Event: 53.960 {metaspace Before GC invocations=70 (full 0):
 Metaspace       used 116683K, committed 118848K, reserved 1179648K
  class space    used 17080K, committed 18112K, reserved 1048576K
}
Event: 53.981 {metaspace After GC invocations=71 (full 0):
 Metaspace       used 116683K, committed 118848K, reserved 1179648K
  class space    used 17080K, committed 18112K, reserved 1048576K
}
Event: 56.194 {metaspace Before GC invocations=72 (full 0):
 Metaspace       used 116684K, committed 118848K, reserved 1179648K
  class space    used 17080K, committed 18112K, reserved 1048576K
}
Event: 56.212 {metaspace After GC invocations=73 (full 0):
 Metaspace       used 116684K, committed 118848K, reserved 1179648K
  class space    used 17080K, committed 18112K, reserved 1048576K
}
Event: 62.173 {metaspace Before GC invocations=73 (full 0):
 Metaspace       used 116691K, committed 118848K, reserved 1179648K
  class space    used 17080K, committed 18112K, reserved 1048576K
}
Event: 62.232 {metaspace After GC invocations=74 (full 0):
 Metaspace       used 116691K, committed 118848K, reserved 1179648K
  class space    used 17080K, committed 18112K, reserved 1048576K
}
Event: 67.585 {metaspace Before GC invocations=74 (full 0):
 Metaspace       used 116692K, committed 118848K, reserved 1179648K
  class space    used 17080K, committed 18112K, reserved 1048576K
}
Event: 67.607 {metaspace After GC invocations=75 (full 0):
 Metaspace       used 116692K, committed 118848K, reserved 1179648K
  class space    used 17080K, committed 18112K, reserved 1048576K
}
Event: 71.047 {metaspace Before GC invocations=76 (full 0):
 Metaspace       used 116854K, committed 119040K, reserved 1179648K
  class space    used 17116K, committed 18176K, reserved 1048576K
}
Event: 71.072 {metaspace After GC invocations=77 (full 0):
 Metaspace       used 116854K, committed 119040K, reserved 1179648K
  class space    used 17116K, committed 18176K, reserved 1048576K
}
Event: 73.508 {metaspace Before GC invocations=77 (full 0):
 Metaspace       used 117272K, committed 119424K, reserved 1179648K
  class space    used 17176K, committed 18176K, reserved 1048576K
}
Event: 73.524 {metaspace After GC invocations=78 (full 0):
 Metaspace       used 117272K, committed 119424K, reserved 1179648K
  class space    used 17176K, committed 18176K, reserved 1048576K
}
Event: 73.961 {metaspace Before GC invocations=78 (full 0):
 Metaspace       used 119573K, committed 121792K, reserved 1179648K
  class space    used 17394K, committed 18432K, reserved 1048576K
}
Event: 73.967 {metaspace After GC invocations=79 (full 0):
 Metaspace       used 119573K, committed 121792K, reserved 1179648K
  class space    used 17394K, committed 18432K, reserved 1048576K
}
Event: 74.643 {metaspace Before GC invocations=80 (full 0):
 Metaspace       used 122758K, committed 124992K, reserved 1179648K
  class space    used 17700K, committed 18752K, reserved 1048576K
}
Event: 74.651 {metaspace After GC invocations=81 (full 0):
 Metaspace       used 122758K, committed 124992K, reserved 1179648K
  class space    used 17700K, committed 18752K, reserved 1048576K
}

Dll operation events (3 events):
Event: 0.059 Loaded shared library C:\Program Files\Android\Android Studio\jbr\bin\java.dll
Event: 0.076 Loaded shared library C:\Program Files\Android\Android Studio\jbr\bin\zip.dll
Event: 1.978 Loaded shared library C:\Program Files\Android\Android Studio\jbr\bin\verify.dll

Deoptimization events (20 events):
Event: 74.785 Thread 0x00000182a8627fa0 Uncommon trap: trap_request=0xffffffc6 fr.pc=0x00000182958e5a0c relative=0x000000000000010c
Event: 74.785 Thread 0x00000182a8627fa0 Uncommon trap: reason=bimorphic_or_optimized_type_check action=maybe_recompile pc=0x00000182958e5a0c method=com.google.common.collect.RegularImmutableMap.checkNoConflictInKeyBucket(Ljava/lang/Object;Ljava/lang/Object;Lcom/google/common/collect/ImmutableMa
Event: 74.785 Thread 0x00000182a8627fa0 DEOPT PACKING pc=0x00000182958e5a0c sp=0x0000000c2ebfd370
Event: 74.785 Thread 0x00000182a8627fa0 DEOPT UNPACKING pc=0x0000018295125f02 sp=0x0000000c2ebfd328 mode 2
Event: 74.941 Thread 0x00000182af96ef50 Uncommon trap: trap_request=0xffffffbe fr.pc=0x0000018295ae6010 relative=0x0000000000000910
Event: 74.941 Thread 0x00000182af96ef50 Uncommon trap: reason=profile_predicate action=maybe_recompile pc=0x0000018295ae6010 method=java.util.regex.Pattern$BnM.optimize(Ljava/util/regex/Pattern$Node;)Ljava/util/regex/Pattern$Node; @ 67 c2
Event: 74.941 Thread 0x00000182af96ef50 DEOPT PACKING pc=0x0000018295ae6010 sp=0x0000000c29ffd040
Event: 74.941 Thread 0x00000182af96ef50 DEOPT UNPACKING pc=0x0000018295125f02 sp=0x0000000c29ffcf70 mode 2
Event: 74.941 Thread 0x00000182af96ef50 Uncommon trap: trap_request=0xffffffbe fr.pc=0x0000018295ae6010 relative=0x0000000000000910
Event: 74.941 Thread 0x00000182af96ef50 Uncommon trap: reason=profile_predicate action=maybe_recompile pc=0x0000018295ae6010 method=java.util.regex.Pattern$BnM.optimize(Ljava/util/regex/Pattern$Node;)Ljava/util/regex/Pattern$Node; @ 67 c2
Event: 74.941 Thread 0x00000182af96ef50 DEOPT PACKING pc=0x0000018295ae6010 sp=0x0000000c29ffd040
Event: 74.941 Thread 0x00000182af96ef50 DEOPT UNPACKING pc=0x0000018295125f02 sp=0x0000000c29ffcf70 mode 2
Event: 74.941 Thread 0x00000182af96ef50 Uncommon trap: trap_request=0xffffffbe fr.pc=0x0000018295ae6010 relative=0x0000000000000910
Event: 74.941 Thread 0x00000182af96ef50 Uncommon trap: reason=profile_predicate action=maybe_recompile pc=0x0000018295ae6010 method=java.util.regex.Pattern$BnM.optimize(Ljava/util/regex/Pattern$Node;)Ljava/util/regex/Pattern$Node; @ 67 c2
Event: 74.941 Thread 0x00000182af96ef50 DEOPT PACKING pc=0x0000018295ae6010 sp=0x0000000c29ffd040
Event: 74.941 Thread 0x00000182af96ef50 DEOPT UNPACKING pc=0x0000018295125f02 sp=0x0000000c29ffcf70 mode 2
Event: 74.943 Thread 0x00000182af96ef50 Uncommon trap: trap_request=0xffffff45 fr.pc=0x0000018295a365e4 relative=0x00000000000008e4
Event: 74.943 Thread 0x00000182af96ef50 Uncommon trap: reason=unstable_if action=reinterpret pc=0x0000018295a365e4 method=sun.nio.fs.WindowsPathParser.isSlash(C)Z @ 9 c2
Event: 74.943 Thread 0x00000182af96ef50 DEOPT PACKING pc=0x0000018295a365e4 sp=0x0000000c29ffdb60
Event: 74.943 Thread 0x00000182af96ef50 DEOPT UNPACKING pc=0x0000018295125f02 sp=0x0000000c29ffda88 mode 2

Classes loaded (20 events):
Event: 48.832 Loading class java/io/SequenceInputStream
Event: 48.832 Loading class java/io/SequenceInputStream done
Event: 48.847 Loading class java/util/function/IntUnaryOperator
Event: 48.847 Loading class java/util/function/IntUnaryOperator done
Event: 53.191 Loading class java/io/NotSerializableException
Event: 53.191 Loading class java/io/NotSerializableException done
Event: 72.997 Loading class java/nio/file/FileTreeWalker$1
Event: 73.000 Loading class java/nio/file/FileTreeWalker$1 done
Event: 73.823 Loading class java/nio/file/FileChannelLinesSpliterator
Event: 73.824 Loading class java/nio/file/FileChannelLinesSpliterator done
Event: 74.101 Loading class java/util/concurrent/atomic/AtomicLongFieldUpdater
Event: 74.118 Loading class java/util/concurrent/atomic/AtomicLongFieldUpdater done
Event: 74.118 Loading class java/util/concurrent/atomic/AtomicLongFieldUpdater$CASUpdater
Event: 74.118 Loading class java/util/concurrent/atomic/AtomicLongFieldUpdater$CASUpdater done
Event: 74.424 Loading class java/util/concurrent/RejectedExecutionException
Event: 74.426 Loading class java/util/concurrent/RejectedExecutionException done
Event: 75.072 Loading class java/util/concurrent/atomic/AtomicIntegerFieldUpdater
Event: 75.072 Loading class java/util/concurrent/atomic/AtomicIntegerFieldUpdater done
Event: 75.073 Loading class java/util/concurrent/atomic/AtomicIntegerFieldUpdater$AtomicIntegerFieldUpdaterImpl
Event: 75.073 Loading class java/util/concurrent/atomic/AtomicIntegerFieldUpdater$AtomicIntegerFieldUpdaterImpl done

Classes unloaded (0 events):
No events

Classes redefined (0 events):
No events

Internal exceptions (20 events):
Event: 74.576 Thread 0x00000182af972dd0 Exception <a 'sun/nio/fs/WindowsException'{0x00000000ccbfc338}> (0x00000000ccbfc338) 
thrown [s\src\hotspot\share\prims\jni.cpp, line 535]
Event: 74.587 Thread 0x00000182a8627fa0 Exception <a 'sun/nio/fs/WindowsException'{0x00000000cc9e5dd8}> (0x00000000cc9e5dd8) 
thrown [s\src\hotspot\share\prims\jni.cpp, line 535]
Event: 74.596 Thread 0x00000182af9706c0 Exception <a 'sun/nio/fs/WindowsException'{0x00000000cc7b84e8}> (0x00000000cc7b84e8) 
thrown [s\src\hotspot\share\prims\jni.cpp, line 535]
Event: 74.614 Thread 0x00000182af972dd0 Exception <a 'sun/nio/fs/WindowsException'{0x00000000ca9c5bd0}> (0x00000000ca9c5bd0) 
thrown [s\src\hotspot\share\prims\jni.cpp, line 535]
Event: 74.620 Thread 0x00000182a8627fa0 Exception <a 'sun/nio/fs/WindowsException'{0x00000000ca722218}> (0x00000000ca722218) 
thrown [s\src\hotspot\share\prims\jni.cpp, line 535]
Event: 74.631 Thread 0x00000182af9706c0 Exception <a 'sun/nio/fs/WindowsException'{0x00000000ca6b76a8}> (0x00000000ca6b76a8) 
thrown [s\src\hotspot\share\prims\jni.cpp, line 535]
Event: 74.660 Thread 0x00000182af972dd0 Exception <a 'sun/nio/fs/WindowsException'{0x00000000ffe5a600}> (0x00000000ffe5a600) 
thrown [s\src\hotspot\share\prims\jni.cpp, line 535]
Event: 74.678 Thread 0x00000182a8627fa0 Exception <a 'sun/nio/fs/WindowsException'{0x00000000ff821150}> (0x00000000ff821150) 
thrown [s\src\hotspot\share\prims\jni.cpp, line 535]
Event: 74.711 Thread 0x00000182af972dd0 Exception <a 'sun/nio/fs/WindowsException'{0x00000000ff59f8b8}> (0x00000000ff59f8b8) 
thrown [s\src\hotspot\share\prims\jni.cpp, line 535]
Event: 74.718 Thread 0x00000182af9706c0 Exception <a 'sun/nio/fs/WindowsException'{0x00000000cd996c70}> (0x00000000cd996c70) 
thrown [s\src\hotspot\share\prims\jni.cpp, line 535]
Event: 74.727 Thread 0x00000182a8627fa0 Exception <a 'sun/nio/fs/WindowsException'{0x00000000cd7ae678}> (0x00000000cd7ae678) 
thrown [s\src\hotspot\share\prims\jni.cpp, line 535]
Event: 74.756 Thread 0x00000182af96c070 Exception <a 'sun/nio/fs/WindowsException'{0x00000000cd58bbd8}> (0x00000000cd58bbd8) 
thrown [s\src\hotspot\share\prims\jni.cpp, line 535]
Event: 74.897 Thread 0x00000182af96fef0 Exception <a 'sun/nio/fs/WindowsException'{0x00000000cce8da08}> (0x00000000cce8da08) 
thrown [s\src\hotspot\share\prims\jni.cpp, line 535]
Event: 74.902 Thread 0x00000182af971660 Exception <a 'sun/nio/fs/WindowsException'{0x00000000ccddd9d8}> (0x00000000ccddd9d8) 
thrown [s\src\hotspot\share\prims\jni.cpp, line 535]
Event: 74.908 Thread 0x00000182a8628770 Exception <a 'sun/nio/fs/WindowsException'{0x00000000cccfeb60}> (0x00000000cccfeb60) 
thrown [s\src\hotspot\share\prims\jni.cpp, line 535]
Event: 74.931 Thread 0x00000182af96fef0 Exception <a 'sun/nio/fs/WindowsException'{0x00000000ccaf7008}> (0x00000000ccaf7008) 
thrown [s\src\hotspot\share\prims\jni.cpp, line 535]
Event: 74.958 Thread 0x00000182af971660 Exception <a 'sun/nio/fs/WindowsException'{0x00000000cc720528}> (0x00000000cc720528) 
thrown [s\src\hotspot\share\prims\jni.cpp, line 535]
Event: 74.994 Thread 0x00000182a8628770 Exception <a 'sun/nio/fs/WindowsException'{0x00000000cc5454d8}> (0x00000000cc5454d8) 
thrown [s\src\hotspot\share\prims\jni.cpp, line 535]
Event: 75.023 Thread 0x00000182af971660 Exception <a 'sun/nio/fs/WindowsException'{0x00000000cc32de88}> (0x00000000cc32de88) 
thrown [s\src\hotspot\share\prims\jni.cpp, line 535]
Event: 75.122 Thread 0x00000182a8628770 Exception <a 'sun/nio/fs/WindowsException'{0x00000000cc077b18}> (0x00000000cc077b18) 
thrown [s\src\hotspot\share\prims\jni.cpp, line 535]

VM Operations (20 events):
Event: 73.508 Executing safepoint VM operation: G1CollectForAllocation (G1 Evacuation Pause)
Event: 73.525 Executing safepoint VM operation: G1CollectForAllocation (G1 Evacuation Pause) done
Event: 73.607 Executing non-safepoint VM operation: HandshakeAllThreads (Deoptimize)
Event: 73.607 Executing non-safepoint VM operation: HandshakeAllThreads (Deoptimize) done
Event: 73.960 Executing safepoint VM operation: G1CollectForAllocation (G1 Evacuation Pause)
Event: 73.967 Executing safepoint VM operation: G1CollectForAllocation (G1 Evacuation Pause) done
Event: 74.017 Executing non-safepoint VM operation: HandshakeAllThreads (Deoptimize)
Event: 74.018 Executing non-safepoint VM operation: HandshakeAllThreads (Deoptimize) done
Event: 74.268 Executing non-safepoint VM operation: HandshakeAllThreads (Deoptimize)
Event: 74.268 Executing non-safepoint VM operation: HandshakeAllThreads (Deoptimize) done
Event: 74.362 Executing safepoint VM operation: G1PauseRemark
Event: 74.376 Executing safepoint VM operation: G1PauseRemark done
Event: 74.527 Executing safepoint VM operation: G1PauseCleanup
Event: 74.527 Executing safepoint VM operation: G1PauseCleanup done
Event: 74.643 Executing safepoint VM operation: G1CollectForAllocation (G1 Evacuation Pause)
Event: 74.651 Executing safepoint VM operation: G1CollectForAllocation (G1 Evacuation Pause) done
Event: 74.666 Executing non-safepoint VM operation: HandshakeAllThreads (Deoptimize)
Event: 74.669 Executing non-safepoint VM operation: HandshakeAllThreads (Deoptimize) done
Event: 74.672 Executing non-safepoint VM operation: HandshakeAllThreads (Deoptimize)
Event: 74.673 Executing non-safepoint VM operation: HandshakeAllThreads (Deoptimize) done

Memory protections (0 events):
No events

Nmethod flushes (20 events):
Event: 74.373 Thread 0x000001828a72f800 flushing  nmethod 0x000001828e376788
Event: 74.373 Thread 0x000001828a72f800 flushing  nmethod 0x000001828e376a88
Event: 74.373 Thread 0x000001828a72f800 flushing  nmethod 0x000001828e376e88
Event: 74.373 Thread 0x000001828a72f800 flushing  nmethod 0x000001828e377c88
Event: 74.373 Thread 0x000001828a72f800 flushing  nmethod 0x000001828e4a5708
Event: 74.373 Thread 0x000001828a72f800 flushing  nmethod 0x000001828ea9ed88
Event: 74.373 Thread 0x000001828a72f800 flushing  nmethod 0x000001829573fb88
Event: 74.373 Thread 0x000001828a72f800 flushing  nmethod 0x000001828dca0688
Event: 74.373 Thread 0x000001828a72f800 flushing  nmethod 0x000001828de14008
Event: 74.373 Thread 0x000001828a72f800 flushing  nmethod 0x000001828de16008
Event: 74.373 Thread 0x000001828a72f800 flushing  nmethod 0x000001828e33ff88
Event: 74.373 Thread 0x000001828a72f800 flushing  nmethod 0x000001828e36eb88
Event: 74.373 Thread 0x000001828a72f800 flushing  nmethod 0x000001828e36f188
Event: 74.373 Thread 0x000001828a72f800 flushing  nmethod 0x000001828e36f508
Event: 74.373 Thread 0x000001828a72f800 flushing  nmethod 0x000001828e37eb88
Event: 74.373 Thread 0x000001828a72f800 flushing  nmethod 0x000001828e426a88
Event: 74.373 Thread 0x000001828a72f800 flushing  nmethod 0x000001828e489688
Event: 74.373 Thread 0x000001828a72f800 flushing  nmethod 0x000001828e91d888
Event: 74.373 Thread 0x000001828a72f800 flushing  nmethod 0x000001828eb4bd08
Event: 74.373 Thread 0x000001828a72f800 flushing  nmethod 0x000001828eb4c408

Events (20 events):
Event: 53.071 Thread 0x00000182a6da37b0 Thread added: 0x00000182a7ffc6d0
Event: 53.071 Thread 0x00000182a6da37b0 Thread added: 0x00000182a7fff5b0
Event: 53.213 Thread 0x00000182a6da37b0 Thread added: 0x00000182a80014f0
Event: 53.213 Thread 0x00000182a6da37b0 Thread added: 0x00000182a8003c00
Event: 53.214 Thread 0x00000182a6da37b0 Thread added: 0x00000182a80043d0
Event: 53.275 Thread 0x00000182a054c270 Thread added: 0x00000182af3224a0
Event: 53.628 Thread 0x00000182a6da37b0 Thread added: 0x00000182a8005370
Event: 53.628 Thread 0x00000182a6da37b0 Thread added: 0x00000182a8005b40
Event: 53.630 Thread 0x00000182a6da37b0 Thread added: 0x00000182a8006310
Event: 53.819 Thread 0x00000182af3224a0 Thread exited: 0x00000182af3224a0
Event: 59.747 Thread 0x00000182a6da37b0 Thread added: 0x00000182a83bd7c0
Event: 59.748 Thread 0x00000182a6da37b0 Thread added: 0x00000182af96c840
Event: 59.749 Thread 0x00000182a6da37b0 Thread added: 0x00000182af96d7e0
Event: 73.163 Thread 0x00000182a6da37b0 Thread added: 0x00000182af96ef50
Event: 73.413 Thread 0x00000182a8627fa0 Thread added: 0x00000182af96c070
Event: 73.413 Thread 0x00000182a8627fa0 Thread added: 0x00000182af972dd0
Event: 73.414 Thread 0x00000182a8627fa0 Thread added: 0x00000182af9706c0
Event: 74.877 Thread 0x00000182a8628770 Thread added: 0x00000182af96fef0
Event: 74.878 Thread 0x00000182a8628770 Thread added: 0x00000182af974540
Event: 74.878 Thread 0x00000182a8628770 Thread added: 0x00000182af971660


Dynamic libraries:
0x00007ff6a5ac0000 - 0x00007ff6a5aca000 	C:\Program Files\Android\Android Studio\jbr\bin\java.exe
0x00007ff9bd740000 - 0x00007ff9bd9a7000 	C:\WINDOWS\SYSTEM32\ntdll.dll
0x00007ff9bc590000 - 0x00007ff9bc65b000 	C:\WINDOWS\System32\KERNEL32.DLL
0x00007ff9ba940000 - 0x00007ff9bad41000 	C:\WINDOWS\System32\KERNELBASE.dll
0x00007ff9bb170000 - 0x00007ff9bb2bc000 	C:\WINDOWS\System32\ucrtbase.dll
0x00007ff9a7a20000 - 0x00007ff9a7a36000 	C:\Program Files\Android\Android Studio\jbr\bin\jli.dll
0x00007ff9bcd90000 - 0x00007ff9bcf67000 	C:\WINDOWS\System32\USER32.dll
0x00007ff9bad50000 - 0x00007ff9bad77000 	C:\WINDOWS\System32\win32u.dll
0x00007ff9bca40000 - 0x00007ff9bca6b000 	C:\WINDOWS\System32\GDI32.dll
0x00007ff9bad80000 - 0x00007ff9baea8000 	C:\WINDOWS\System32\gdi32full.dll
0x00007ff9bb000000 - 0x00007ff9bb0a3000 	C:\WINDOWS\System32\msvcp_win.dll
0x00007ff961a70000 - 0x00007ff961a8b000 	C:\Program Files\Android\Android Studio\jbr\bin\VCRUNTIME140.dll
0x00007ff9a9320000 - 0x00007ff9a95b0000 	C:\WINDOWS\WinSxS\amd64_microsoft.windows.common-controls_6595b64144ccf1df_6.0.26100.9549_none_3e0a0396e3330090\COMCTL32.dll
0x00007ff9bc4d0000 - 0x00007ff9bc579000 	C:\WINDOWS\System32\msvcrt.dll
0x00007ff9bc920000 - 0x00007ff9bc951000 	C:\WINDOWS\System32\IMM32.DLL
0x0000000052c80000 - 0x0000000052c8d000 	C:\Program Files (x86)\360\Total Security\safemon\SafeWrapper.dll
0x00007ff9bc660000 - 0x00007ff9bc71b000 	C:\WINDOWS\System32\ADVAPI32.dll
0x00007ff9bcb70000 - 0x00007ff9bcc18000 	C:\WINDOWS\System32\sechost.dll
0x00007ff9bc720000 - 0x00007ff9bc838000 	C:\WINDOWS\System32\RPCRT4.dll
0x00007ff9b7d10000 - 0x00007ff9b7e15000 	C:\Program Files (x86)\360\Total Security\safemon\libzdtp64.dll
0x00007ff9bbca0000 - 0x00007ff9bc43c000 	C:\WINDOWS\System32\SHELL32.dll
0x00007ff9bc450000 - 0x00007ff9bc4b6000 	C:\WINDOWS\System32\SHLWAPI.dll
0x00007ff9ba3f0000 - 0x00007ff9ba3fb000 	C:\WINDOWS\SYSTEM32\VERSION.dll
0x00007ff9a7bd0000 - 0x00007ff9a7bdc000 	C:\Program Files\Android\Android Studio\jbr\bin\vcruntime140_1.dll
0x00007ff941ca0000 - 0x00007ff941d2d000 	C:\Program Files\Android\Android Studio\jbr\bin\msvcp140.dll
0x00007ff940a20000 - 0x00007ff9418fa000 	C:\Program Files\Android\Android Studio\jbr\bin\server\jvm.dll
0x00007ff9bb950000 - 0x00007ff9bb9d1000 	C:\WINDOWS\System32\WS2_32.dll
0x00007ff9b7810000 - 0x00007ff9b7847000 	C:\WINDOWS\SYSTEM32\WINMM.dll
0x00007ff9ba790000 - 0x00007ff9ba7ee000 	C:\WINDOWS\SYSTEM32\POWRPROF.dll
0x00007ff9ba770000 - 0x00007ff9ba785000 	C:\WINDOWS\SYSTEM32\UMPDC.dll
0x00007ff9b9520000 - 0x00007ff9b953b000 	C:\WINDOWS\SYSTEM32\kernel.appcore.dll
0x00007ff9a6e60000 - 0x00007ff9a6e6a000 	C:\Program Files\Android\Android Studio\jbr\bin\jimage.dll
0x00007ff9b7110000 - 0x00007ff9b735c000 	C:\WINDOWS\SYSTEM32\DBGHELP.DLL
0x00007ff9bd360000 - 0x00007ff9bd6ea000 	C:\WINDOWS\System32\combase.dll
0x00007ff9bc960000 - 0x00007ff9bca39000 	C:\WINDOWS\System32\OLEAUT32.dll
0x00007ff9b77d0000 - 0x00007ff9b780b000 	C:\WINDOWS\SYSTEM32\dbgcore.DLL
0x00007ff9baf40000 - 0x00007ff9bafec000 	C:\WINDOWS\System32\bcryptPrimitives.dll
0x00007ff9b0dd0000 - 0x00007ff9b0dde000 	C:\Program Files\Android\Android Studio\jbr\bin\instrument.dll
0x00007ff940a00000 - 0x00007ff940a1f000 	C:\Program Files\Android\Android Studio\jbr\bin\java.dll
0x00007ff9bba80000 - 0x00007ff9bbc1a000 	C:\WINDOWS\System32\ole32.dll
0x00007ff9409e0000 - 0x00007ff9409f7000 	C:\Program Files\Android\Android Studio\jbr\bin\zip.dll
0x00007ff9b82e0000 - 0x00007ff9b8b8d000 	C:\WINDOWS\SYSTEM32\windows.storage.dll
0x00007ff9bd260000 - 0x00007ff9bd359000 	C:\WINDOWS\System32\SHCORE.dll
0x00007ff9ba850000 - 0x00007ff9ba879000 	C:\WINDOWS\SYSTEM32\profapi.dll
0x00007ff9a4c30000 - 0x00007ff9a4c40000 	C:\Program Files\Android\Android Studio\jbr\bin\net.dll
0x00007ff9b9ac0000 - 0x00007ff9b9b2c000 	C:\WINDOWS\system32\mswsock.dll
0x00007ff941f60000 - 0x00007ff941f76000 	C:\Program Files\Android\Android Studio\jbr\bin\nio.dll
0x00007ff9b1500000 - 0x00007ff9b1510000 	C:\Program Files\Android\Android Studio\jbr\bin\verify.dll
0x00007ff976550000 - 0x00007ff976577000 	C:\Users\herre\.gradle\native\1def1411415f61bf3af743bc5b6707747c0891f09f0c88961ee8f79bc544acac\windows-amd64\native-platform.dll
0x00007ff973480000 - 0x00007ff9734f7000 	C:\Users\herre\.gradle\native\0.2.8\x86_64-windows-gnu\gradle-fileevents.dll
0x00007ff9b4d50000 - 0x00007ff9b4d59000 	C:\Program Files\Android\Android Studio\jbr\bin\management.dll
0x00007ff9b4d40000 - 0x00007ff9b4d4b000 	C:\Program Files\Android\Android Studio\jbr\bin\management_ext.dll
0x00007ff9bd6f0000 - 0x00007ff9bd6f8000 	C:\WINDOWS\System32\PSAPI.DLL
0x00007ff9b8f20000 - 0x00007ff9b8f53000 	C:\WINDOWS\SYSTEM32\IPHLPAPI.DLL
0x00007ff9bc580000 - 0x00007ff9bc58a000 	C:\WINDOWS\System32\NSI.dll
0x00007ff9b7750000 - 0x00007ff9b7759000 	C:\Program Files\Android\Android Studio\jbr\bin\extnet.dll
0x00007ff9b9f00000 - 0x00007ff9b9f1b000 	C:\WINDOWS\SYSTEM32\CRYPTSP.dll
0x00007ff9b9480000 - 0x00007ff9b94b9000 	C:\WINDOWS\system32\rsaenh.dll
0x00007ff9b9b70000 - 0x00007ff9b9ba4000 	C:\WINDOWS\SYSTEM32\USERENV.dll
0x00007ff9ba820000 - 0x00007ff9ba84a000 	C:\WINDOWS\SYSTEM32\bcrypt.dll
0x00007ff9b9d20000 - 0x00007ff9b9d2c000 	C:\WINDOWS\SYSTEM32\CRYPTBASE.dll
0x00007ff97fa90000 - 0x00007ff97fa98000 	C:\WINDOWS\system32\wshunix.dll

JVMTI agents:
C:\Users\herre\.gradle\wrapper\dists\gradle-9.1.0-bin\9agqghryom9wkf8r80qlhnts3\gradle-9.1.0\lib\agents\gradle-instrumentation-agent-9.1.0.jar path:C:\Program Files\Android\Android Studio\jbr\bin\instrument.dll, loaded, initialized, instrumentlib options:none

dbghelp: loaded successfully - version: 4.0.5 - missing functions: none
symbol engine: initialized successfully - sym options: 0x614 - pdb path: .;C:\Program Files\Android\Android Studio\jbr\bin;C:\WINDOWS\SYSTEM32;C:\WINDOWS\WinSxS\amd64_microsoft.windows.common-controls_6595b64144ccf1df_6.0.26100.9549_none_3e0a0396e3330090;C:\Program Files (x86)\360\Total Security\safemon;C:\Program Files\Android\Android Studio\jbr\bin\server;C:\Users\herre\.gradle\native\1def1411415f61bf3af743bc5b6707747c0891f09f0c88961ee8f79bc544acac\windows-amd64;C:\Users\herre\.gradle\native\0.2.8\x86_64-windows-gnu

VM Arguments:
jvm_args: --add-opens=java.base/java.lang=ALL-UNNAMED --add-opens=java.base/java.lang.invoke=ALL-UNNAMED --add-opens=java.base/java.util=ALL-UNNAMED --add-opens=java.prefs/java.util.prefs=ALL-UNNAMED --add-exports=jdk.compiler/com.sun.tools.javac.api=ALL-UNNAMED --add-exports=jdk.compiler/com.sun.tools.javac.util=ALL-UNNAMED --add-opens=java.base/java.util=ALL-UNNAMED --add-opens=java.prefs/java.util.prefs=ALL-UNNAMED --add-opens=java.base/java.nio.charset=ALL-UNNAMED --add-opens=java.base/java.net=ALL-UNNAMED --add-opens=java.base/java.util.concurrent=ALL-UNNAMED --add-opens=java.base/java.util.concurrent.atomic=ALL-UNNAMED --add-opens=java.xml/javax.xml.namespace=ALL-UNNAMED --add-opens=java.base/java.time=ALL-UNNAMED --enable-native-access=ALL-UNNAMED -Xmx1024m -Dfile.encoding=UTF-8 -Duser.country=CO -Duser.language=es -Duser.variant -javaagent:C:\Users\herre\.gradle\wrapper\dists\gradle-9.1.0-bin\9agqghryom9wkf8r80qlhnts3\gradle-9.1.0\lib\agents\gradle-instrumentation-agent-9.1.0.jar 
java_command: org.gradle.launcher.daemon.bootstrap.GradleDaemon 9.1.0
java_class_path (initial): C:\Users\herre\.gradle\wrapper\dists\gradle-9.1.0-bin\9agqghryom9wkf8r80qlhnts3\gradle-9.1.0\lib\gradle-daemon-main-9.1.0.jar
Launcher Type: SUN_STANDARD

[Global flags]
     intx CICompilerCount                          = 3                                         {product} {ergonomic}
     uint ConcGCThreads                            = 1                                         {product} {ergonomic}
     uint G1ConcRefinementThreads                  = 4                                         {product} {ergonomic}
   size_t G1HeapRegionSize                         = 1048576                                   {product} {ergonomic}
   size_t InitialHeapSize                          = 58720256                                  {product} {ergonomic}
   size_t MarkStackSize                            = 4194304                                   {product} {ergonomic}
   size_t MarkStackSizeMax                         = 536870912                                 {product} {ergonomic}
   size_t MaxHeapSize                              = 1073741824                                {product} {command line}
   size_t MaxNewSize                               = 643825664                                 {product} {ergonomic}
   size_t MinHeapDeltaBytes                        = 1048576                                   {product} {ergonomic}
   size_t MinHeapSize                              = 8388608                                   {product} {ergonomic}
    uintx NonNMethodCodeHeapSize                   = 5832704                                {pd product} {ergonomic}
    uintx NonProfiledCodeHeapSize                  = 122945536                              {pd product} {ergonomic}
     bool PerfDisableSharedMem                     = true                                      {product} {ergonomic}
    uintx ProfiledCodeHeapSize                     = 122880000                              {pd product} {ergonomic}
    uintx ReservedCodeCacheSize                    = 251658240                              {pd product} {ergonomic}
     bool SegmentedCodeCache                       = true                                      {product} {ergonomic}
   size_t SoftMaxHeapSize                          = 1073741824                             {manageable} {ergonomic}
     bool UseCompressedOops                        = true                           {product lp64_product} {ergonomic}
     bool UseG1GC                                  = true                                      {product} {ergonomic}
     bool UseLargePagesIndividualAllocation        = false                                  {pd product} {ergonomic}

Logging:
Log output configuration:
 #0: stdout all=warning uptime,level,tags foldmultilines=false
 #1: stderr all=off uptime,level,tags foldmultilines=false

Release file:
JAVA_VERSION="25.0.2" 
MODULES="java.base java.compiler java.datatransfer java.xml java.prefs java.desktop java.instrument java.logging java.management java.security.sasl java.naming java.rmi java.management.rmi java.net.http java.scripting java.security.jgss java.transaction.xa java.sql java.sql.rowset java.xml.crypto java.se java.smartcardio jdk.accessibility jdk.internal.jvmstat jdk.attach jdk.charsets jdk.internal.opt jdk.zipfs jdk.compiler jdk.crypto.cryptoki jdk.crypto.ec jdk.dynalink jdk.hotspot.agent jdk.httpserver jdk.internal.ed jdk.internal.le jdk.internal.md jdk.internal.vm.ci jdk.jartool jdk.javadoc jdk.jcmd jdk.jdeps jdk.jdwp.agent jdk.jdi jdk.jfr jdk.jlink jdk.localedata jdk.management jdk.management.agent jdk.management.jfr jdk.naming.dns jdk.naming.rmi jdk.net jdk.sctp jdk.security.auth jdk.security.jgss jdk.unsupported jdk.unsupported.desktop jdk.xml.dom" 
IMPLEMENTOR="JetBrains s.r.o." 
JAVA_RUNTIME_VERSION="25.0.2+-15348964-b329.117" 
LIBC="default" 
OS_ARCH="x86_64" 
OS_NAME="Windows" 
SOURCE=".:git:3cf398e84a39" 

Environment Variables:
PATH=C:\Program Files\Eclipse Adoptium\jdk-17.0.20.101-hotspot\bin;C:\Program Files\Eclipse Adoptium\jdk-8.0.504.1-hotspot\bin;C:\Program Files\Common Files\Oracle\Java\javapath;C:\WINDOWS\system32;C:\WINDOWS;C:\WINDOWS\System32\Wbem;C:\WINDOWS\System32\WindowsPowerShell\v1.0\;C:\WINDOWS\System32\OpenSSH\;C:\Program Files (x86)\Microsoft SQL Server\160\Tools\Binn\;C:\Program Files\Microsoft SQL Server\160\Tools\Binn\;C:\Program Files\Microsoft SQL Server\Client SDK\ODBC\170\Tools\Binn\;C:\Program Files\Microsoft SQL Server\160\DTS\Binn\;C:\Program Files\MongoDB\Server\8.0\bin;C:\Program Files\Git\cmd;C:\Program Files\nodejs\;C:\Users\herre\AppData\Local\Programs\Python\Launcher\;C:\Users\herre\AppData\Local\Microsoft\WindowsApps;C:\Users\herre\AppData\Local\Programs\Microsoft VS Code\bin;C:\Users\herre\AppData\Local\Python\bin;C:\Users\herre\AppData\Roaming\npm
USERNAME=herre
OS=Windows_NT
PROCESSOR_IDENTIFIER=AMD64 Family 23 Model 24 Stepping 1, AuthenticAMD
TMP=C:\Users\herre\AppData\Local\Temp
TEMP=C:\Users\herre\AppData\Local\Temp




Compilation memory statistics disabled.

Periodic native trim disabled

JNI global refs:
JNI global refs: 25, weak refs: 1

JNI global refs memory usage: 835, weak refs: 833

Process memory usage:
Resident Set Size: 397516K (11% of 3605420K total physical memory with 234180K free physical memory)

OOME stack traces (most recent first):
Classloader memory used:
Loader org.gradle.internal.classloader.VisitableURLClassLoader                         : 42964 K
Loader org.gradle.internal.classloader.VisitableURLClassLoader$InstrumentingVisitableURLClassLoader: 31827 K
Loader bootstrap                                                                       : 28983 K
Loader org.gradle.initialization.MixInLegacyTypesClassLoader                           : 12865 K
Loader java.net.URLClassLoader                                                         : 10491 K
Loader org.gradle.internal.classloader.VisitableURLClassLoader                         : 249 K
Loader jdk.internal.loader.ClassLoaders$AppClassLoader                                 : 227 K
Loader jdk.internal.loader.ClassLoaders$PlatformClassLoader                            : 181 K
Loader org.gradle.groovy.scripts.internal.DefaultScriptCompilationHandler$ScriptClassLoader: 123 K

Classes loaded by more than one classloader:
Class Program                                                                         : loaded 5 times (x 74B)
Class Build_gradle                                                                    : loaded 3 times (x 128B)
Class kotlin.NotImplementedError                                                      : loaded 2 times (x 84B)
Class com.google.common.base.PairwiseEquivalence                                      : loaded 2 times (x 85B)
Class com.google.common.base.Equivalence$Identity                                     : loaded 2 times (x 84B)
Class com.google.common.collect.RegularImmutableMap$KeySet                            : loaded 2 times (x 154B)
Class org.gradle.internal.classloader.FilteringClassLoader                            : loaded 2 times (x 106B)
Class kotlin.sequences.FilteringSequence$iterator$1                                   : loaded 2 times (x 81B)
Class kotlin.sequences.SequencesKt__SequenceBuilderKt                                 : loaded 2 times (x 73B)
Class kotlin.collections.CollectionsKt__ReversedViewsKt                               : loaded 2 times (x 73B)
Class com.google.common.base.CharMatcher$IsEither                                     : loaded 2 times (x 113B)
Class org.gradle.internal.classloader.ClassLoaderHierarchy                            : loaded 2 times (x 72B)
Class com.google.common.collect.ImmutableEnumSet                                      : loaded 2 times (x 148B)
Class com.google.common.util.concurrent.ExecutionError                                : loaded 2 times (x 84B)
Class com.google.common.collect.ImmutableList$1                                       : loaded 2 times (x 99B)
Class ijJvmDebugger1_11z0quc0qgz2cwd8xgurbmnyu$_run_closure1$_closure2                : loaded 2 times (x 141B)
Class org.gradle.api.internal.classpath.ManifestUtil                                  : loaded 2 times (x 73B)
Class kotlin.ranges.IntProgression$Companion                                          : loaded 2 times (x 73B)
Class com.google.common.collect.RegularImmutableMap                                   : loaded 2 times (x 122B)
Class com.google.common.collect.ImmutableMap$MapViewOfValuesAsSingletonSets           : loaded 2 times (x 128B)
Class kotlin.sequences.TransformingSequence                                           : loaded 2 times (x 77B)
Class [Lorg.objectweb.asm.Symbol;                                                     : loaded 2 times (x 71B)
Class org.objectweb.asm.ClassVisitor                                                  : loaded 2 times (x 90B)
Class com.google.common.collect.UnmodifiableListIterator                              : loaded 2 times (x 97B)
Class com.google.common.base.Platform$JdkPatternCompiler                              : loaded 2 times (x 77B)
Class org.objectweb.asm.MethodTooLargeException                                       : loaded 2 times (x 84B)
Class [Lcom.google.common.cache.CacheBuilder$OneWeigher;                              : loaded 2 times (x 71B)
Class com.google.common.base.Suppliers                                                : loaded 2 times (x 73B)
Class org.gradle.internal.classloader.DefaultClassLoaderFactory                       : loaded 2 times (x 84B)
Class kotlin.sequences.SequencesKt___SequencesKt                                      : loaded 2 times (x 73B)
Class kotlin.collections.AbstractList$Companion                                       : loaded 2 times (x 73B)
Class org.gradle.internal.classloader.ClassLoaderVisitor                              : loaded 2 times (x 78B)
Class [Lcom.google.common.collect.ImmutableMapEntry;                                  : loaded 2 times (x 71B)
Class org.gradle.api.internal.classpath.EffectiveClassPath                            : loaded 2 times (x 92B)
Class kotlin.coroutines.ContinuationInterceptor                                       : loaded 2 times (x 72B)
Class kotlin.text.StringsKt__AppendableKt                                             : loaded 2 times (x 73B)
Class com.google.common.collect.ListMultimap                                          : loaded 2 times (x 72B)
Class com.google.common.collect.ImmutableEnumMap                                      : loaded 2 times (x 128B)
Class ijKotlinCoroutineJvmDebugInit1_b9ouyi00dk3iy4dnzxscjkowd                        : loaded 2 times (x 173B)
Class com.google.common.collect.Sets$1                                                : loaded 2 times (x 141B)
Class org.objectweb.asm.AnnotationVisitor                                             : loaded 2 times (x 80B)
Class org.gradle.api.internal.DefaultClassPathProvider                                : loaded 2 times (x 78B)
Class kotlin.text.StringsKt__StringNumberConversionsJVMKt                             : loaded 2 times (x 73B)
Class kotlin.sequences.Sequence                                                       : loaded 2 times (x 72B)
Class com.google.common.collect.Sets$2                                                : loaded 2 times (x 141B)
Class [Lorg.gradle.api.internal.ClassPathProvider;                                    : loaded 2 times (x 71B)
Class org.gradle.api.internal.ClassPathProvider                                       : loaded 2 times (x 72B)
Class [Lorg.objectweb.asm.AnnotationVisitor;                                          : loaded 2 times (x 71B)
Class com.google.common.collect.Sets$3                                                : loaded 2 times (x 141B)
Class com.google.common.cache.LocalCache$LocalLoadingCache                            : loaded 2 times (x 136B)
Class org.gradle.internal.service.UnknownServiceException                             : loaded 2 times (x 85B)
Class com.google.common.collect.Sets$4                                                : loaded 2 times (x 141B)
Class org.objectweb.asm.ModuleVisitor                                                 : loaded 2 times (x 83B)
Class com.google.common.cache.LocalCache$Strength$1                                   : loaded 2 times (x 83B)
Class kotlin.coroutines.jvm.internal.SuspendLambda                                    : loaded 2 times (x 93B)
Class kotlin.coroutines.jvm.internal.ContinuationImpl                                 : loaded 2 times (x 89B)
Class com.google.common.util.concurrent.SettableFuture                                : loaded 2 times (x 116B)
Class com.google.common.cache.LocalCache$Strength$2                                   : loaded 2 times (x 83B)
Class kotlin.text.StringsKt__RegexExtensionsJVMKt                                     : loaded 2 times (x 73B)
Class kotlin.collections.ArraysKt___ArraysJvmKt                                       : loaded 2 times (x 73B)
Class kotlin.collections.CollectionsKt__CollectionsKt                                 : loaded 2 times (x 73B)
Class com.google.common.cache.LocalCache$Strength$3                                   : loaded 2 times (x 83B)
Class com.google.common.collect.MapDifference                                         : loaded 2 times (x 72B)
Class kotlin._Assertions                                                              : loaded 2 times (x 73B)
Class org.objectweb.asm.FieldWriter                                                   : loaded 2 times (x 79B)
Class com.google.common.cache.CacheBuilder$NullListener                               : loaded 2 times (x 84B)
Class org.gradle.internal.classpath.TransformedClassPath                              : loaded 2 times (x 98B)
Class org.gradle.internal.classloader.InstrumentingClassLoader                        : loaded 2 times (x 72B)
Class kotlin.jvm.internal.FunctionReference                                           : loaded 2 times (x 124B)
Class [Lkotlin.coroutines.intrinsics.CoroutineSingletons;                             : loaded 2 times (x 71B)
Class kotlin.jvm.internal.FunctionBase                                                : loaded 2 times (x 72B)
Class kotlin.enums.EnumEntriesList                                                    : loaded 2 times (x 225B)
Class com.google.common.cache.CacheLoader$FunctionToCacheLoader                       : loaded 2 times (x 77B)
Class com.google.common.collect.Iterators$ArrayItr                                    : loaded 2 times (x 99B)
Class com.google.common.collect.ImmutableCollection$Builder                           : loaded 2 times (x 78B)
Class kotlin.collections.CollectionsKt__IteratorsJVMKt                                : loaded 2 times (x 73B)
Class com.google.common.base.Joiner                                                   : loaded 2 times (x 81B)
Class com.google.common.base.MoreObjects                                              : loaded 2 times (x 73B)
Class kotlin.text.StringsKt__StringsKt                                                : loaded 2 times (x 73B)
Class com.google.common.collect.Platform                                              : loaded 2 times (x 73B)
Class [Lorg.objectweb.asm.Type;                                                       : loaded 2 times (x 71B)
Class com.google.common.collect.UnmodifiableIterator                                  : loaded 2 times (x 82B)
Class org.gradle.internal.service.ServiceLocator                                      : loaded 2 times (x 72B)
Class kotlin.sequences.TransformingSequence$iterator$1                                : loaded 2 times (x 81B)
Class kotlin.Pair                                                                     : loaded 2 times (x 74B)
Class com.google.common.base.Ascii                                                    : loaded 2 times (x 73B)
Class com.google.common.collect.SingletonImmutableBiMap                               : loaded 2 times (x 145B)
Class com.google.common.cache.LocalCache$1                                            : loaded 2 times (x 91B)
Class com.google.common.collect.Iterators$SingletonIterator                           : loaded 2 times (x 83B)
Class com.google.common.collect.AbstractMapEntry                                      : loaded 2 times (x 83B)
Class ijKotlinCoroutineJvmDebugInit1_b9ouyi00dk3iy4dnzxscjkowd$_run_closure1$_closure2: loaded 2 times (x 140B)
Class kotlin.collections.CollectionsKt__MutableCollectionsKt                          : loaded 2 times (x 73B)
Class kotlin.io.CloseableKt                                                           : loaded 2 times (x 73B)
Class com.google.common.collect.Sets$ImprovedAbstractSet                              : loaded 2 times (x 137B)
Class com.google.common.collect.ImmutableList$Builder                                 : loaded 2 times (x 79B)
Class com.google.common.collect.AbstractMultimap                                      : loaded 2 times (x 125B)
Class com.google.common.cache.LocalCache$2                                            : loaded 2 times (x 144B)
Class kotlin.reflect.KCallable                                                        : loaded 2 times (x 72B)
Class kotlin.coroutines.CoroutineContext$Element                                      : loaded 2 times (x 72B)
Class com.google.common.collect.RegularImmutableAsList                                : loaded 2 times (x 219B)
Class kotlin.text.CharsKt                                                             : loaded 2 times (x 73B)
Class com.google.common.util.concurrent.AbstractFuture$Trusted                        : loaded 2 times (x 72B)
Class com.google.common.collect.Iterators                                             : loaded 2 times (x 73B)
Class kotlin.coroutines.ContinuationInterceptor$Key                                   : loaded 2 times (x 73B)
Class kotlin.text.DelimitedRangesSequence$iterator$1                                  : loaded 2 times (x 81B)
Class com.google.common.collect.Lists$StringAsImmutableList                           : loaded 2 times (x 209B)
Class com.google.common.util.concurrent.UncheckedExecutionException                   : loaded 2 times (x 84B)
Class org.gradle.kotlin.dsl.VersionCatalogAccessorsKt                                 : loaded 2 times (x 73B)
Class org.gradle.internal.InternalTransformer                                         : loaded 2 times (x 72B)
Class kotlin.collections.MapsKt__MapsJVMKt                                            : loaded 2 times (x 73B)
Class kotlin.collections.EmptyList                                                    : loaded 2 times (x 176B)
Class com.google.common.collect.AbstractMapBasedMultimap$KeySet$1                     : loaded 2 times (x 84B)
Class org.objectweb.asm.ClassWriter                                                   : loaded 2 times (x 107B)
Class com.google.common.base.CharMatcher$And                                          : loaded 2 times (x 114B)
Class com.google.common.cache.CacheLoader$UnsupportedLoadingOperationException        : loaded 2 times (x 84B)
Class org.gradle.internal.classloader.ClasspathUtil$1                                 : loaded 2 times (x 78B)
Class com.google.common.base.Objects                                                  : loaded 2 times (x 73B)
Class org.objectweb.asm.FieldVisitor                                                  : loaded 2 times (x 79B)
Class com.google.common.collect.IndexedImmutableSet                                   : loaded 2 times (x 154B)
Class com.google.common.collect.ImmutableMap$1                                        : loaded 2 times (x 83B)
Class com.google.common.collect.BiMap                                                 : loaded 2 times (x 72B)
Class org.gradle.api.internal.classpath.DefaultModuleRegistry$DefaultModule           : loaded 2 times (x 88B)
Class kotlin.ResultKt                                                                 : loaded 2 times (x 73B)
Class com.google.common.primitives.Ints                                               : loaded 2 times (x 73B)
Class com.google.common.collect.AbstractIterator                                      : loaded 2 times (x 84B)
Class kotlin.Result$Failure                                                           : loaded 2 times (x 74B)
Class kotlin.collections.ArraysKt__ArraysKt                                           : loaded 2 times (x 73B)
Class com.google.common.collect.ObjectArrays                                          : loaded 2 times (x 73B)
Class com.google.common.math.MathPreconditions                                        : loaded 2 times (x 73B)
Class com.google.common.collect.Multiset                                              : loaded 2 times (x 72B)
Class com.google.common.collect.ArrayListMultimapGwtSerializationDependencies         : loaded 2 times (x 173B)
Class com.google.common.collect.AbstractIndexedListIterator                           : loaded 2 times (x 98B)
Class kotlin.collections.SetsKt__SetsJVMKt                                            : loaded 2 times (x 73B)
Class kotlin.Function                                                                 : loaded 2 times (x 72B)
Class com.google.common.collect.ImmutableMapEntrySet                                  : loaded 2 times (x 154B)
Class org.gradle.api.internal.classpath.Module                                        : loaded 2 times (x 72B)
Class kotlin.internal.ProgressionUtilKt                                               : loaded 2 times (x 73B)
Class com.google.common.cache.Weigher                                                 : loaded 2 times (x 72B)
Class org.gradle.api.internal.classpath.UnknownModuleException                        : loaded 2 times (x 84B)
Class com.google.common.base.Stopwatch                                                : loaded 2 times (x 74B)
Class com.google.common.cache.LocalCache$Strength                                     : loaded 2 times (x 83B)
Class com.google.common.cache.Cache                                                   : loaded 2 times (x 72B)
Class com.google.common.util.concurrent.AbstractFuture$Cancellation                   : loaded 2 times (x 74B)
Class com.google.common.collect.ImmutableMap$Builder                                  : loaded 2 times (x 84B)
Class com.google.common.cache.RemovalListener                                         : loaded 2 times (x 72B)
Class org.gradle.api.internal.DefaultClassPathRegistry                                : loaded 2 times (x 78B)
Class kotlin.ranges.ClosedRange                                                       : loaded 2 times (x 72B)
Class com.google.common.primitives.IntsMethodsForWeb                                  : loaded 2 times (x 73B)
Class com.google.common.collect.Multimap                                              : loaded 2 times (x 72B)
Class org.gradle.api.internal.ClassPathRegistry                                       : loaded 2 times (x 72B)
Class org.gradle.internal.classpath.DefaultClassPath$ImmutableUniqueList              : loaded 2 times (x 201B)
Class kotlin.text.StringsKt__StringsJVMKt                                             : loaded 2 times (x 73B)
Class com.google.common.base.ExtraObjectsMethodsForWeb                                : loaded 2 times (x 73B)
Class kotlin.text.StringsKt__IndentKt                                                 : loaded 2 times (x 73B)
Class kotlin.collections.SetsKt                                                       : loaded 2 times (x 73B)
Class kotlin.Result                                                                   : loaded 2 times (x 74B)
Class com.google.common.cache.CacheBuilder                                            : loaded 2 times (x 74B)
Class com.google.common.collect.SingletonImmutableList                                : loaded 2 times (x 209B)
Class Settings_gradle$1                                                               : loaded 2 times (x 76B)
Class org.gradle.internal.classpath.ClassPath                                         : loaded 2 times (x 72B)
Class kotlin.reflect.KFunction                                                        : loaded 2 times (x 72B)
Class com.google.common.base.JdkPattern                                               : loaded 2 times (x 77B)
Class com.google.common.collect.ImmutableList$ReverseImmutableList                    : loaded 2 times (x 211B)
Class kotlin.jvm.internal.Lambda                                                      : loaded 2 times (x 77B)
Class kotlin.collections.MapsKt__MapsKt                                               : loaded 2 times (x 73B)
Class org.objectweb.asm.SymbolTable$Entry                                             : loaded 2 times (x 75B)
Class org.objectweb.asm.Edge                                                          : loaded 2 times (x 74B)
Class com.google.common.base.Suppliers$SupplierOfInstance                             : loaded 2 times (x 81B)
Class com.google.common.collect.Iterators$1                                           : loaded 2 times (x 83B)
Class kotlin.collections.AbstractMutableSet                                           : loaded 2 times (x 144B)
Class com.google.devtools.ksp.processing.KSPJvmConfig                                 : loaded 2 times (x 74B)
Class kotlin.UninitializedPropertyAccessException                                     : loaded 2 times (x 84B)
Class com.google.common.cache.LocalCache$ComputingValueReference                      : loaded 2 times (x 98B)
Class com.google.common.collect.SingletonImmutableSet                                 : loaded 2 times (x 148B)
Class com.google.common.collect.ImmutableMap$IteratorBasedImmutableMap                : loaded 2 times (x 128B)
Class com.google.common.cache.LocalCache$Segment                                      : loaded 2 times (x 155B)
Class com.google.common.collect.AbstractListMultimap                                  : loaded 2 times (x 173B)
Class [Lorg.objectweb.asm.SymbolTable$Entry;                                          : loaded 2 times (x 71B)
Class com.google.common.cache.CacheLoader                                             : loaded 2 times (x 76B)
Class com.google.common.collect.Iterators$4                                           : loaded 2 times (x 84B)
Class com.google.common.collect.ImmutableBiMap                                        : loaded 2 times (x 145B)
Class org.gradle.internal.installation.GradleInstallation$1                           : loaded 2 times (x 77B)
Class org.gradle.api.internal.classpath.ModuleRegistry                                : loaded 2 times (x 72B)
Class com.google.devtools.ksp.processing.KSPLogger                                    : loaded 2 times (x 72B)
Class com.google.common.collect.ImmutableSet$JdkBackedSetBuilderImpl                  : loaded 2 times (x 78B)
Class com.google.common.util.concurrent.internal.InternalFutureFailureAccess          : loaded 2 times (x 74B)
Class com.google.common.collect.Iterators$5                                           : loaded 2 times (x 84B)
Class kotlin.coroutines.intrinsics.IntrinsicsKt__IntrinsicsKt                         : loaded 2 times (x 73B)
Class com.google.common.base.CharMatcher$ForPredicate                                 : loaded 2 times (x 114B)
Class com.google.common.cache.LocalCache$LocalManualCache$1                           : loaded 2 times (x 77B)
Class kotlin.collections.CollectionsKt__CollectionsJVMKt                              : loaded 2 times (x 73B)
Class com.google.common.base.CharMatcher$AnyOf                                        : loaded 2 times (x 114B)
Class com.google.common.collect.ImmutableCollection                                   : loaded 2 times (x 127B)
Class org.gradle.api.internal.classpath.DefaultModuleRegistry                         : loaded 2 times (x 88B)
Class kotlin.sequences.SequencesKt                                                    : loaded 2 times (x 73B)
Class kotlin.collections.CollectionsKt__IteratorsKt                                   : loaded 2 times (x 73B)
Class com.google.common.collect.Lists                                                 : loaded 2 times (x 73B)
Class com.google.common.util.concurrent.ListenableFuture                              : loaded 2 times (x 72B)
Class com.google.common.cache.ReferenceEntry                                          : loaded 2 times (x 72B)
Class com.google.common.base.Converter                                                : loaded 2 times (x 92B)
Class com.google.common.collect.ImmutableSet$CachingAsList                            : loaded 2 times (x 150B)
Class kotlin.jvm.internal.markers.KMutableSet                                         : loaded 2 times (x 72B)
Class kotlin.text.StringsKt                                                           : loaded 2 times (x 73B)
Class com.google.common.collect.AbstractMapBasedMultimap                              : loaded 2 times (x 140B)
Class com.google.common.util.concurrent.AbstractFuture                                : loaded 2 times (x 108B)
Class com.google.common.base.FunctionalEquivalence                                    : loaded 2 times (x 85B)
Class com.google.common.collect.Iterators$9                                           : loaded 2 times (x 83B)
Class com.google.common.collect.ImmutableAsList                                       : loaded 2 times (x 211B)
Class kotlin.coroutines.CoroutineContext$Key                                          : loaded 2 times (x 72B)
Class kotlin.LazyKt__LazyJVMKt                                                        : loaded 2 times (x 73B)
Class org.objectweb.asm.RecordComponentVisitor                                        : loaded 2 times (x 79B)
Class com.google.common.cache.CacheLoader$SupplierToCacheLoader                       : loaded 2 times (x 77B)
Class kotlin.text.StringsKt__StringNumberConversionsKt                                : loaded 2 times (x 73B)
Class ijKotlinCoroutineJvmDebugInit1_b9ouyi00dk3iy4dnzxscjkowd$_run_closure1          : loaded 2 times (x 140B)
Class org.gradle.internal.service.ServiceLookupException                              : loaded 2 times (x 84B)
Class [Lcom.google.common.cache.LocalCache$EntryFactory;                              : loaded 2 times (x 71B)
Class org.gradle.internal.classloader.ClassLoaderFactory                              : loaded 2 times (x 72B)
Class com.google.common.base.CommonPattern                                            : loaded 2 times (x 76B)
Class com.google.common.base.CharMatcher$IsNot                                        : loaded 2 times (x 113B)
Class com.google.common.cache.LocalCache$LocalManualCache                             : loaded 2 times (x 101B)
Class org.gradle.internal.service.CachingServiceLocator                               : loaded 2 times (x 84B)
Class kotlin.jvm.internal.CallableReference                                           : loaded 2 times (x 108B)
Class kotlin.collections.AbstractList$IteratorImpl                                    : loaded 2 times (x 84B)
Class com.google.common.collect.AbstractMapBasedMultimap$KeySet                       : loaded 2 times (x 139B)
Class com.google.common.math.IntMath                                                  : loaded 2 times (x 73B)
Class kotlin.ranges.IntRange                                                          : loaded 2 times (x 95B)
Class com.google.common.collect.ImmutableMapEntry                                     : loaded 2 times (x 87B)
Class kotlin.enums.EnumEntries                                                        : loaded 2 times (x 72B)
Class com.google.common.base.Equivalence                                              : loaded 2 times (x 84B)
Class com.google.common.base.Function                                                 : loaded 2 times (x 72B)
Class com.google.common.collect.ImmutableMapEntry$NonTerminalImmutableMapEntry        : loaded 2 times (x 87B)
Class com.google.common.collect.IndexedImmutableSet$1                                 : loaded 2 times (x 215B)
Class com.google.common.cache.CacheBuilder$OneWeigher                                 : loaded 2 times (x 84B)
Class com.google.common.collect.RegularImmutableList                                  : loaded 2 times (x 215B)
Class org.gradle.internal.classloader.ClasspathUtil                                   : loaded 2 times (x 73B)
Class com.google.common.util.concurrent.Uninterruptibles                              : loaded 2 times (x 73B)
Class com.google.common.util.concurrent.LazyLogger                                    : loaded 2 times (x 74B)
Class com.google.common.collect.Maps                                                  : loaded 2 times (x 73B)
Class org.gradle.api.specs.Spec                                                       : loaded 2 times (x 72B)
Class [Lcom.google.common.collect.ImmutableEntry;                                     : loaded 2 times (x 71B)
Class com.google.common.cache.LocalCache$LoadingValueReference                        : loaded 2 times (x 98B)
Class kotlin.text.StringsKt__RegexExtensionsKt                                        : loaded 2 times (x 73B)
Class kotlin.SynchronizedLazyImpl                                                     : loaded 2 times (x 78B)
Class com.google.common.base.Platform                                                 : loaded 2 times (x 73B)
Class kotlin.sequences.SequencesKt__SequencesJVMKt                                    : loaded 2 times (x 73B)
Class kotlin.collections.AbstractList                                                 : loaded 2 times (x 199B)
Class kotlin.collections.AbstractCollection                                           : loaded 2 times (x 119B)
Class com.google.devtools.ksp.processing.KspGradleLogger$Companion                    : loaded 2 times (x 73B)
Class [Lorg.objectweb.asm.AnnotationWriter;                                           : loaded 2 times (x 71B)
Class com.google.common.collect.Maps$8                                                : loaded 2 times (x 84B)
Class kotlin.text.StringsKt__StringBuilderJVMKt                                       : loaded 2 times (x 73B)
Class kotlin.collections.ArrayAsCollection                                            : loaded 2 times (x 107B)
Class kotlin.LazyKt__LazyKt                                                           : loaded 2 times (x 73B)
Class com.google.common.collect.Sets$SetView                                          : loaded 2 times (x 140B)
Class com.google.common.cache.LocalCache$StrongValueReference                         : loaded 2 times (x 92B)
Class kotlin.UNINITIALIZED_VALUE                                                      : loaded 2 times (x 73B)
Class org.objectweb.asm.Type                                                          : loaded 2 times (x 74B)
Class ijJvmDebugger1_11z0quc0qgz2cwd8xgurbmnyu$_run_closure1                          : loaded 2 times (x 140B)
Class org.gradle.internal.classloader.VisitableURLClassLoader$InstrumentingVisitableURLClassLoader: loaded 2 times (x 124B)
Class kotlin.coroutines.Continuation                                                  : loaded 2 times (x 72B)
Class kotlin.ranges.RangesKt__RangesKt                                                : loaded 2 times (x 73B)
Class kotlin.sequences.SequencesKt__SequencesKt                                       : loaded 2 times (x 73B)
Class kotlin.collections.SetsKt___SetsKt                                              : loaded 2 times (x 73B)
Class com.google.common.math.IntMath$1                                                : loaded 2 times (x 73B)
Class org.objectweb.asm.ByteVector                                                    : loaded 2 times (x 81B)
Class [Lcom.google.common.cache.CacheBuilder$NullListener;                            : loaded 2 times (x 71B)
Class org.gradle.internal.classloader.VisitableURLClassLoader$Spec                    : loaded 2 times (x 76B)
Class org.gradle.internal.classpath.DefaultClassPath                                  : loaded 2 times (x 92B)
Class kotlin.Result$Companion                                                         : loaded 2 times (x 73B)
Class kotlin.coroutines.jvm.internal.BaseContinuationImpl                             : loaded 2 times (x 89B)
Class kotlin.text.CharsKt__CharJVMKt                                                  : loaded 2 times (x 73B)
Class kotlin.sequences.FilteringSequence                                              : loaded 2 times (x 77B)
Class com.google.devtools.ksp.processing.KspGradleLogger                              : loaded 2 times (x 81B)
Class org.objectweb.asm.Symbol                                                        : loaded 2 times (x 75B)
Class com.google.common.base.CharMatcher$BitSetMatcher                                : loaded 2 times (x 114B)
Class com.google.common.collect.RegularImmutableMap$Values                            : loaded 2 times (x 209B)
Class com.google.common.collect.ImmutableSet                                          : loaded 2 times (x 147B)
Class org.gradle.internal.classloader.ClassLoaderSpec                                 : loaded 2 times (x 73B)
Class kotlin.jvm.internal.FunctionReferenceImpl                                       : loaded 2 times (x 124B)
Class kotlin.text.DelimitedRangesSequence                                             : loaded 2 times (x 77B)
Class kotlin.collections.CollectionsKt___CollectionsJvmKt                             : loaded 2 times (x 73B)
Class org.objectweb.asm.AnnotationWriter                                              : loaded 2 times (x 80B)
Class com.google.common.cache.CacheStats                                              : loaded 2 times (x 73B)
Class kotlin.jvm.internal.markers.KMutableIterable                                    : loaded 2 times (x 72B)
Class kotlin.sequences.SequencesKt___SequencesJvmKt                                   : loaded 2 times (x 73B)
Class kotlin.Unit                                                                     : loaded 2 times (x 73B)
Class org.objectweb.asm.RecordComponentWriter                                         : loaded 2 times (x 79B)
Class com.google.common.util.concurrent.AbstractFuture$Listener                       : loaded 2 times (x 74B)
Class com.google.common.base.CharMatcher$Or                                           : loaded 2 times (x 114B)
Class Settings_gradle$1$1                                                             : loaded 2 times (x 76B)
Class kotlin.ranges.RangesKt                                                          : loaded 2 times (x 73B)
Class org.objectweb.asm.Attribute                                                     : loaded 2 times (x 79B)
Class com.google.common.base.Supplier                                                 : loaded 2 times (x 72B)
Class org.gradle.internal.classloader.VisitableURLClassLoader                         : loaded 2 times (x 118B)
Class kotlin.collections.ArraysUtilJVM                                                : loaded 2 times (x 73B)
Class kotlin.jvm.functions.Function0                                                  : loaded 2 times (x 72B)
Class Settings_gradle                                                                 : loaded 2 times (x 126B)
Class org.gradle.internal.Cast                                                        : loaded 2 times (x 73B)
Class org.gradle.api.Action                                                           : loaded 2 times (x 72B)
Class kotlin.jvm.functions.Function1                                                  : loaded 2 times (x 72B)
Class com.google.common.base.Strings                                                  : loaded 2 times (x 73B)
Class com.google.common.collect.Sets                                                  : loaded 2 times (x 73B)
Class org.objectweb.asm.Handler                                                       : loaded 2 times (x 74B)
Class com.google.common.base.CharMatcher$FastMatcher                                  : loaded 2 times (x 113B)
Class com.google.common.base.Ticker                                                   : loaded 2 times (x 74B)
Class kotlin.jvm.functions.Function2                                                  : loaded 2 times (x 72B)
Class kotlin.KotlinNothingValueException                                              : loaded 2 times (x 84B)
Class com.google.devtools.ksp.processing.KSPConfig                                    : loaded 2 times (x 74B)
Class [Lcom.google.common.cache.LocalCache$Segment;                                   : loaded 2 times (x 71B)
Class com.google.common.base.Predicate                                                : loaded 2 times (x 72B)
Class [Lcom.google.common.cache.LocalCache$Strength;                                  : loaded 2 times (x 71B)
Class com.google.common.cache.CacheBuilder$1                                          : loaded 2 times (x 87B)
Class com.google.common.collect.ImmutableMap                                          : loaded 2 times (x 122B)
Class org.gradle.internal.classpath.DefaultClassPath$ImmutableUniqueList$Builder      : loaded 2 times (x 77B)
Class kotlin.collections.MapsKt___MapsJvmKt                                           : loaded 2 times (x 73B)
Class com.google.common.base.CharMatcher$NegatedFastMatcher                           : loaded 2 times (x 115B)
Class com.google.common.cache.LocalCache                                              : loaded 2 times (x 188B)
Class com.google.common.cache.CacheBuilder$2                                          : loaded 2 times (x 81B)
Class kotlin.collections.EmptySet                                                     : loaded 2 times (x 124B)
Class kotlin.collections.CollectionsKt___CollectionsKt                                : loaded 2 times (x 73B)
Class com.google.common.collect.ArrayListMultimap                                     : loaded 2 times (x 173B)
Class com.google.common.cache.CacheBuilder$3                                          : loaded 2 times (x 74B)
Class [Lcom.google.common.collect.AbstractMapEntry;                                   : loaded 2 times (x 71B)
Class com.google.common.collect.ImmutableEntry                                        : loaded 2 times (x 84B)
Class org.gradle.api.GradleException                                                  : loaded 2 times (x 84B)
Class kotlin.reflect.KDeclarationContainer                                            : loaded 2 times (x 72B)
Class kotlin.text.StringsKt___StringsJvmKt                                            : loaded 2 times (x 73B)
Class com.google.common.collect.CollectPreconditions                                  : loaded 2 times (x 73B)
Class kotlin.collections.ArraysKt___ArraysKt                                          : loaded 2 times (x 73B)
Class kotlin.collections.MapsKt___MapsKt                                              : loaded 2 times (x 73B)
Class com.google.common.collect.SortedMapDifference                                   : loaded 2 times (x 72B)
Class kotlin.collections.MapsKt__MapWithDefaultKt                                     : loaded 2 times (x 73B)
Class com.google.common.cache.LocalCache$EntryFactory                                 : loaded 2 times (x 85B)
Class kotlin.text.StringsKt___StringsKt                                               : loaded 2 times (x 73B)
Class kotlin.collections.CollectionsKt__MutableCollectionsJVMKt                       : loaded 2 times (x 73B)
Class kotlin.enums.EnumEntriesKt                                                      : loaded 2 times (x 73B)
Class com.google.common.cache.LocalCache$AbstractReferenceEntry                       : loaded 2 times (x 109B)
Class org.gradle.internal.IoActions                                                   : loaded 2 times (x 73B)
Class org.objectweb.asm.SymbolTable                                                   : loaded 2 times (x 74B)
Class com.google.common.cache.CacheLoader$InvalidCacheLoadException                   : loaded 2 times (x 84B)
Class com.google.common.collect.ImmutableSet$RegularSetBuilderImpl                    : loaded 2 times (x 78B)
Class org.gradle.internal.classloader.SystemClassLoaderSpec                           : loaded 2 times (x 73B)
Class kotlin.reflect.KAnnotatedElement                                                : loaded 2 times (x 72B)
Class kotlin.jvm.internal.markers.KMutableCollection                                  : loaded 2 times (x 72B)
Class kotlin.coroutines.intrinsics.IntrinsicsKt                                       : loaded 2 times (x 73B)
Class kotlin.ranges.IntRange$Companion                                                : loaded 2 times (x 73B)
Class kotlin.collections.EmptyMap                                                     : loaded 2 times (x 110B)
Class kotlin.jvm.internal.Intrinsics                                                  : loaded 2 times (x 73B)
Class com.google.common.cache.LocalCache$StrongEntry                                  : loaded 2 times (x 110B)
Class com.google.common.util.concurrent.AbstractFuture$TrustedFuture                  : loaded 2 times (x 116B)
Class com.google.common.cache.LoadingCache                                            : loaded 2 times (x 72B)
Class kotlin.coroutines.intrinsics.CoroutineSingletons                                : loaded 2 times (x 81B)
Class kotlin.collections.MapsKt                                                       : loaded 2 times (x 73B)
Class kotlin.collections.CollectionsKt__IterablesKt                                   : loaded 2 times (x 73B)
Class org.objectweb.asm.MethodWriter                                                  : loaded 2 times (x 107B)
Class [Lcom.google.common.cache.Weigher;                                              : loaded 2 times (x 71B)
Class com.google.common.collect.RegularImmutableMap$BucketOverflowException           : loaded 2 times (x 84B)
Class kotlin.ranges.OpenEndRange                                                      : loaded 2 times (x 72B)
Class kotlin.KotlinNullPointerException                                               : loaded 2 times (x 84B)
Class kotlin.ranges.RangesKt___RangesKt                                               : loaded 2 times (x 73B)
Class com.google.common.collect.RegularImmutableBiMap                                 : loaded 2 times (x 150B)
Class com.google.common.base.CharMatcher$Negated                                      : loaded 2 times (x 115B)
Class com.google.common.base.CharMatcher$Is                                           : loaded 2 times (x 113B)
Class com.google.common.cache.LocalCache$ValueReference                               : loaded 2 times (x 72B)
Class kotlin.text.CharsKt__CharKt                                                     : loaded 2 times (x 73B)
Class kotlin.collections.ArraysKt                                                     : loaded 2 times (x 73B)
Class com.google.common.base.PatternCompiler                                          : loaded 2 times (x 72B)
Class com.google.common.util.concurrent.AbstractFuture$Failure                        : loaded 2 times (x 74B)
Class com.google.common.base.Equivalence$Equals                                       : loaded 2 times (x 84B)
Class com.google.common.collect.Hashing                                               : loaded 2 times (x 73B)
Class com.google.common.base.Preconditions                                            : loaded 2 times (x 73B)
Class kotlin.coroutines.EmptyCoroutineContext                                         : loaded 2 times (x 79B)
Class kotlin.collections.SetsKt__SetsKt                                               : loaded 2 times (x 73B)
Class kotlin.LazyKt                                                                   : loaded 2 times (x 73B)
Class com.google.common.base.Joiner$1                                                 : loaded 2 times (x 82B)
Class org.objectweb.asm.Label                                                         : loaded 2 times (x 75B)
Class org.objectweb.asm.CurrentFrame                                                  : loaded 2 times (x 75B)
Class org.objectweb.asm.ClassTooLargeException                                        : loaded 2 times (x 84B)
Class com.google.common.base.CharMatcher                                              : loaded 2 times (x 113B)
Class com.google.common.collect.PeekingIterator                                       : loaded 2 times (x 72B)
Class kotlin.collections.ArraysKt__ArraysJVMKt                                        : loaded 2 times (x 73B)
Class com.google.common.collect.Maps$IteratorBasedAbstractMap                         : loaded 2 times (x 127B)
Class com.google.common.base.Joiner$2                                                 : loaded 2 times (x 81B)
Class org.objectweb.asm.Frame                                                         : loaded 2 times (x 75B)
Class org.objectweb.asm.MethodVisitor                                                 : loaded 2 times (x 107B)
Class com.google.common.base.CharMatcher$1                                            : loaded 2 times (x 115B)
Class com.google.common.base.CharMatcher$NamedFastMatcher                             : loaded 2 times (x 114B)
Class com.google.common.cache.LocalCache$EntryFactory$1                               : loaded 2 times (x 85B)
Class [Lcom.google.common.cache.RemovalListener;                                      : loaded 2 times (x 71B)
Class ijJvmDebugger1_11z0quc0qgz2cwd8xgurbmnyu                                        : loaded 2 times (x 173B)
Class kotlin.jvm.internal.CallableReference$NoReceiver                                : loaded 2 times (x 73B)
Class kotlin.text.StringsKt__StringBuilderKt                                          : loaded 2 times (x 73B)
Class com.google.common.cache.LocalCache$EntryFactory$2                               : loaded 2 times (x 85B)
Class org.gradle.api.internal.classpath.GlobalCacheRootsProvider                      : loaded 2 times (x 72B)
Class kotlin.Lazy                                                                     : loaded 2 times (x 72B)
Class kotlin.NoWhenBranchMatchedException                                             : loaded 2 times (x 84B)
Class org.objectweb.asm.ModuleWriter                                                  : loaded 2 times (x 83B)
Class com.google.common.cache.LocalCache$EntryFactory$3                               : loaded 2 times (x 85B)
Class com.google.common.base.Ticker$1                                                 : loaded 2 times (x 74B)
Class com.google.common.collect.Maps$BiMapConverter                                   : loaded 2 times (x 92B)
Class com.google.common.collect.ImmutableMapEntrySet$RegularEntrySet                  : loaded 2 times (x 154B)
Class com.google.common.collect.ImmutableSet$Builder                                  : loaded 2 times (x 87B)
Class com.google.common.base.CharMatcher$InRange                                      : loaded 2 times (x 113B)
Class com.google.common.cache.LocalCache$EntryFactory$4                               : loaded 2 times (x 85B)
Class com.google.common.cache.LocalCache$EntryFactory$5                               : loaded 2 times (x 85B)
Class kotlin.jvm.internal.markers.KMappedMarker                                       : loaded 2 times (x 72B)
Class kotlin.coroutines.jvm.internal.CompletedContinuation                            : loaded 2 times (x 77B)
Class com.google.common.cache.LocalCache$EntryFactory$6                               : loaded 2 times (x 85B)
Class org.gradle.internal.installation.CurrentGradleInstallationLocator               : loaded 2 times (x 73B)
Class com.google.common.collect.Maps$KeySet                                           : loaded 2 times (x 139B)
Class com.google.common.collect.ImmutableSet$EmptySetBuilderImpl                      : loaded 2 times (x 78B)
Class com.google.common.cache.LocalCache$EntryFactory$7                               : loaded 2 times (x 85B)
Class com.google.common.collect.ImmutableList                                         : loaded 2 times (x 208B)
Class org.gradle.internal.service.DefaultServiceLocator                               : loaded 2 times (x 85B)
Class kotlin.coroutines.jvm.internal.SuspendFunction                                  : loaded 2 times (x 72B)
Class com.google.common.cache.LocalCache$EntryFactory$8                               : loaded 2 times (x 85B)
Class com.google.common.collect.ImmutableSet$SetBuilderImpl                           : loaded 2 times (x 78B)
Class org.gradle.internal.installation.CurrentGradleInstallation                      : loaded 2 times (x 75B)
Class kotlin.coroutines.intrinsics.IntrinsicsKt__IntrinsicsJvmKt                      : loaded 2 times (x 73B)
Class kotlin.coroutines.jvm.internal.CoroutineStackFrame                              : loaded 2 times (x 72B)
Class com.google.common.cache.CacheLoader$1                                           : loaded 2 times (x 77B)
Class com.google.common.collect.ForwardingObject                                      : loaded 2 times (x 74B)
Class com.google.common.collect.ImmutableList$SubList                                 : loaded 2 times (x 211B)
Class org.gradle.util.internal.GUtil                                                  : loaded 2 times (x 73B)
Class kotlin.collections.CollectionsKt                                                : loaded 2 times (x 73B)
Class com.google.common.cache.AbstractCache$StatsCounter                              : loaded 2 times (x 72B)
Class kotlin.coroutines.jvm.internal.DebugProbesKt                                    : loaded 2 times (x 73B)
Class kotlin.coroutines.CoroutineContext                                              : loaded 2 times (x 72B)
Class com.google.common.collect.Iterators$MergingIterator                             : loaded 2 times (x 83B)
Class com.google.common.collect.RegularImmutableSet                                   : loaded 2 times (x 150B)
Class org.gradle.internal.installation.GradleInstallation                             : loaded 2 times (x 77B)
Class com.google.common.collect.Iterables                                             : loaded 2 times (x 73B)
Class kotlin.jvm.KotlinReflectionNotSupportedError                                    : loaded 2 times (x 84B)
Class kotlin.ranges.IntProgression                                                    : loaded 2 times (x 83B)

---------------  S Y S T E M  ---------------

OS:
 Windows 11 , 64 bit Build 26100 (10.0.26100.9549)
OS uptime: 1 days 9:28 hours
Hyper-V role detected

CPU: total 4 (initial active 4) (4 cores per cpu, 2 threads per core) family 23 model 24 stepping 1 microcode 0x8108109, cx8, cmov, fxsr, ht, mmx, 3dnowpref, sse, sse2, sse3, ssse3, sse4a, sse4.1, sse4.2, popcnt, lzcnt, tsc, tscinvbit, avx, avx2, aes, clmul, bmi1, bmi2, adx, sha, fma, vzeroupper, clflush, clflushopt, hv, rdtscp, f16c
Processor Information for the first 4 processors :
  Max Mhz: 2400, Current Mhz: 2400, Mhz Limit: 2400

Memory: 4k page, system-wide physical 3520M (216M free)
TotalPageFile size 14272M (AvailPageFile size 10M)
current process WorkingSet (physical memory assigned to process): 390M, peak: 395M
current process commit charge ("private bytes"): 551M, peak: 562M

vm_info: OpenJDK 64-Bit Server VM (25.0.2+-15348964-b329.117) for windows-amd64 JRE (25.0.2+-15348964-b329.117), built on 2026-05-05T18:25:19Z with MS VC++ 16.10 / 16.11 (VS2019)

END.
